_excel_row_number,id,clinic_id,code,name,name_en,description,category_id,price_vnd,min_price_vnd,max_price_vnd,is_taxable,tax_rate_percent,duration_minutes,is_active,requires_doctor,display_order,created_at,updated_at,created_by,updated_by,is_deleted,deleted_at,deleted_by,name_km,currency_code,result_turnaround_minutes,service_type,price_amount,price_effective_from,display_converted_amount,display_converted_currency_code,display_fx_computed_at,lab_subtype
2,d8d8d5ad-f397-4443-8afe-c785a1111058,d5ac6269-d8cf-4821-ac8b-a6341e68987b,CT001,CT Brain without contrast,,,a1000001-0000-0000-0000-000000000001,120000,,,t,0.00,30,t,t,0,2026-04-06 10:47:31.657211+00,2026-04-22 13:59:40.819123+00,,,f,,,,USD,,imaging,120000,2026-04-06,,,,
3,1d1a997a-b5b3-4e9d-9a35-9f83d82a7a7a,d5ac6269-d8cf-4821-ac8b-a6341e68987b,CT002,CT Brain with contrast,,,a1000001-0000-0000-0000-000000000001,180000,,,t,0.00,30,t,t,0,2026-04-06 10:47:31.657211+00,2026-04-22 13:59:40.819123+00,,,f,,,,USD,,imaging,180000,2026-04-06,,,,
4,3865e9fb-4bf4-4935-9135-709de1663fc1,d5ac6269-d8cf-4821-ac8b-a6341e68987b,CT003,CT Chest without contrast,,,a1000001-0000-0000-0000-000000000001,130000,,,t,0.00,30,t,t,0,2026-04-06 10:47:31.657211+00,2026-04-22 13:59:40.819123+00,,,f,,,,USD,,imaging,130000,2026-04-06,,,,
5,e63ae79a-8206-45e4-b7ab-5d4a00aff922,d5ac6269-d8cf-4821-ac8b-a6341e68987b,CT004,CT Chest with contrast,,,a1000001-0000-0000-0000-000000000001,200000,,,t,0.00,30,t,t,0,2026-04-06 10:47:31.657211+00,2026-04-22 13:59:40.819123+00,,,f,,,,USD,,imaging,200000,2026-04-06,,,,
6,919aa02d-ec39-403f-8363-1febf149981e,d5ac6269-d8cf-4821-ac8b-a6341e68987b,CT005,CT Abdomen without contrast,,,a1000001-0000-0000-0000-000000000001,140000,,,t,0.00,30,t,t,0,2026-04-06 10:47:31.657211+00,2026-04-22 13:59:40.819123+00,,,f,,,,USD,,imaging,140000,2026-04-06,,,,
7,b49b8542-53b6-4760-9127-1f76c6663f89,d5ac6269-d8cf-4821-ac8b-a6341e68987b,CT006,CT Abdomen with contrast,,,a1000001-0000-0000-0000-000000000001,210000,,,t,0.00,30,t,t,0,2026-04-06 10:47:31.657211+00,2026-04-22 13:59:40.819123+00,,,f,,,,USD,,imaging,210000,2026-04-06,,,,
8,44ad9dbb-b43b-448a-bcf7-0e35b5ba2b71,d5ac6269-d8cf-4821-ac8b-a6341e68987b,CT007,CT Spine (Cervical/Thoracic/Lumbar),,,a1000001-0000-0000-0000-000000000001,150000,,,t,0.00,30,t,t,0,2026-04-06 10:47:31.657211+00,2026-04-22 13:59:40.819123+00,,,f,,,,USD,,imaging,150000,2026-04-06,,,,
9,5a42ec09-f991-4c12-9438-a9a28ea13c3b,d5ac6269-d8cf-4821-ac8b-a6341e68987b,CT008,CT Whole body,,,a1000001-0000-0000-0000-000000000001,350000,,,t,0.00,30,t,t,0,2026-04-06 10:47:31.657211+00,2026-04-22 13:59:40.819123+00,,,f,,,,USD,,imaging,350000,2026-04-06,,,,
10,5691414e-c692-449f-ae73-95c001aee8bb,d5ac6269-d8cf-4821-ac8b-a6341e68987b,MR001,MRI Brain without contrast,,,a1000001-0000-0000-0000-000000000002,250000,,,t,0.00,30,t,t,0,2026-04-06 10:47:31.657211+00,2026-04-22 13:59:40.819123+00,,,f,,,,USD,,imaging,250000,2026-04-06,,,,
11,5f0984b5-c109-48ac-8d3e-31e6fddb3dba,d5ac6269-d8cf-4821-ac8b-a6341e68987b,MR002,MRI Brain with contrast,,,a1000001-0000-0000-0000-000000000002,350000,,,t,0.00,30,t,t,0,2026-04-06 10:47:31.657211+00,2026-04-22 13:59:40.819123+00,,,f,,,,USD,,imaging,350000,2026-04-06,,,,
12,48b7723c-23d8-4f67-926c-157d8d7312c1,d5ac6269-d8cf-4821-ac8b-a6341e68987b,MR003,MRI Spine (Cervical/Thoracic/Lumbar),,,a1000001-0000-0000-0000-000000000002,280000,,,t,0.00,30,t,t,0,2026-04-06 10:47:31.657211+00,2026-04-22 13:59:40.819123+00,,,f,,,,USD,,imaging,280000,2026-04-06,,,,
13,a6a7a803-f51e-465e-bf88-7fe8dfdeb72c,d5ac6269-d8cf-4821-ac8b-a6341e68987b,MR004,MRI Knee / Shoulder / Hip joint,,,a1000001-0000-0000-0000-000000000002,260000,,,t,0.00,30,t,t,0,2026-04-06 10:47:31.657211+00,2026-04-22 13:59:40.819123+00,,,f,,,,USD,,imaging,260000,2026-04-06,,,,
14,2a9b0f28-6070-4fcc-b0bb-85d6b1134d29,d5ac6269-d8cf-4821-ac8b-a6341e68987b,MR005,MRI Abdomen with contrast,,,a1000001-0000-0000-0000-000000000002,380000,,,t,0.00,30,t,t,0,2026-04-06 10:47:31.657211+00,2026-04-22 13:59:40.819123+00,,,f,,,,USD,,imaging,380000,2026-04-06,,,,
15,8ed4d2ae-4780-4408-a4cd-8d6a53ddd7d7,d5ac6269-d8cf-4821-ac8b-a6341e68987b,MR006,MRI Whole body screening,,,a1000001-0000-0000-0000-000000000002,500000,,,t,0.00,30,t,t,0,2026-04-06 10:47:31.657211+00,2026-04-22 13:59:40.819123+00,,,f,,,,USD,,imaging,500000,2026-04-06,,,,
16,bddd9862-e6a9-4620-8708-5eaa5aa17aa4,d5ac6269-d8cf-4821-ac8b-a6341e68987b,XR001,Chest X-Ray (PA),,,a1000001-0000-0000-0000-000000000003,25000,,,t,0.00,30,t,t,0,2026-04-06 10:47:31.657211+00,2026-04-22 13:59:40.819123+00,,,f,,,,USD,,imaging,25000,2026-04-06,,,,
17,7592fb5a-34a6-4b1f-a57a-0a2e1422e650,d5ac6269-d8cf-4821-ac8b-a6341e68987b,XR002,Abdomen X-Ray,,,a1000001-0000-0000-0000-000000000003,30000,,,t,0.00,30,t,t,0,2026-04-06 10:47:31.657211+00,2026-04-22 13:59:40.819123+00,,,f,,,,USD,,imaging,30000,2026-04-06,,,,
18,bcf10da5-67d8-4576-b88b-2522e8799b47,d5ac6269-d8cf-4821-ac8b-a6341e68987b,LAB503,X-Match test (Patient and Doner),X-Match test (Patient and Doner),Specimen: EDTA,b0514d54-d6f7-4482-b89c-4f3d504b0e96,250000,,,t,0.00,15,t,t,503,2026-03-26 10:28:04.623591+00,2026-05-07 02:49:27.89571+00,,,f,,,,USD,,lab,10.0,2026-03-26,41000.0000,KHR,2026-03-26 10:29:18.19353+00,KHAC
19,bd076bf3-e540-4827-9b86-1c959b3b0d62,d5ac6269-d8cf-4821-ac8b-a6341e68987b,LAB504,ZINC,ZINC,Specimen: Serum,b0514d54-d6f7-4482-b89c-4f3d504b0e96,500000,,,t,0.00,15,t,t,504,2026-03-26 10:28:04.623591+00,2026-05-07 02:49:27.89571+00,,,f,,,,USD,,lab,20.0,2026-03-26,82000.0000,KHR,2026-03-26 10:29:18.19353+00,KHAC
20,6e072300-e9eb-42eb-9c73-a790f3ac9a2a,d5ac6269-d8cf-4821-ac8b-a6341e68987b,LCS001,GGT,GGT,,f37239f4-94de-4386-9abd-713dfbb80862,0,,,t,0.00,30,t,t,120,2026-03-26 09:50:22.028926+00,2026-05-07 02:49:27.89571+00,,,f,,,,USD,,lab,1.5,2026-03-26,,,,KHAC
21,14feb9ed-3403-433d-9419-c95ab0b9bdd3,d5ac6269-d8cf-4821-ac8b-a6341e68987b,LCS002,Protein Electrophoresis,Protein Electrophoresis,,f37239f4-94de-4386-9abd-713dfbb80862,0,,,t,0.00,30,t,t,121,2026-03-26 09:50:22.028926+00,2026-05-07 02:49:27.89571+00,,,f,,,,USD,,lab,25.0,2026-03-26,,,,KHAC
22,cc0de87b-4624-4f68-b9ba-1bac6649d799,d5ac6269-d8cf-4821-ac8b-a6341e68987b,OBC001,CBC,CBC,,e55a2e29-c6da-42ba-80f9-9b731a622aba,0,,,t,0.00,30,t,t,122,2026-03-26 09:50:22.028926+00,2026-05-07 02:49:27.89571+00,,,f,,,,USD,,lab,2.0,2026-03-26,,,,KHAC
23,50be5397-605c-4d59-8d34-b2702f52c041,d5ac6269-d8cf-4821-ac8b-a6341e68987b,OBC002,Glucose,Glucose,,e55a2e29-c6da-42ba-80f9-9b731a622aba,0,,,t,0.00,30,t,t,123,2026-03-26 09:50:22.028926+00,2026-05-07 02:49:27.89571+00,,,f,,,,USD,,lab,1.0,2026-03-26,,,,KHAC
24,c6859705-6d50-4ab7-a6be-66008ee6ef5e,d5ac6269-d8cf-4821-ac8b-a6341e68987b,OBC003,Total Cholesterol,Total Cholesterol,,e55a2e29-c6da-42ba-80f9-9b731a622aba,0,,,t,0.00,30,t,t,124,2026-03-26 09:50:22.028926+00,2026-05-07 02:49:27.89571+00,,,f,,,,USD,,lab,8.5,2026-03-26,,,,KHAC
25,81c60393-c3c9-44fe-91d8-b1a5972f5444,d5ac6269-d8cf-4821-ac8b-a6341e68987b,OBC004,Hb A1c,Hb A1c,,e55a2e29-c6da-42ba-80f9-9b731a622aba,0,,,t,0.00,30,t,t,125,2026-03-26 09:50:22.028926+00,2026-05-07 02:49:27.89571+00,,,f,,,,USD,,lab,2.0,2026-03-26,,,,KHAC
26,68c2c441-82e7-42d8-a10b-612cd0fd418e,d5ac6269-d8cf-4821-ac8b-a6341e68987b,OBC005,HDL-Cholesterol,HDL-Cholesterol,,e55a2e29-c6da-42ba-80f9-9b731a622aba,0,,,t,0.00,30,t,t,126,2026-03-26 09:50:22.028926+00,2026-05-07 02:49:27.89571+00,,,f,,,,USD,,lab,2.0,2026-03-26,,,,KHAC
27,09a8d8f5-6803-44e8-802c-116c604de36b,d5ac6269-d8cf-4821-ac8b-a6341e68987b,OBC006,LDL-Cholesterol,LDL-Cholesterol,,e55a2e29-c6da-42ba-80f9-9b731a622aba,0,,,t,0.00,30,t,t,127,2026-03-26 09:50:22.028926+00,2026-05-07 02:49:27.89571+00,,,f,,,,USD,,lab,2.0,2026-03-26,,,,KHAC
28,20a30bd7-1668-45bb-b856-566e182c02cf,d5ac6269-d8cf-4821-ac8b-a6341e68987b,OBC007,Triglycerides,Triglycerides,,e55a2e29-c6da-42ba-80f9-9b731a622aba,0,,,t,0.00,30,t,t,128,2026-03-26 09:50:22.028926+00,2026-05-07 02:49:27.89571+00,,,f,,,,USD,,lab,1.25,2026-03-26,,,,KHAC
29,a225fd99-2b18-4779-824f-473d58529534,d5ac6269-d8cf-4821-ac8b-a6341e68987b,OBC008,Uric Acid,Uric Acid,,e55a2e29-c6da-42ba-80f9-9b731a622aba,0,,,t,0.00,30,t,t,129,2026-03-26 09:50:22.028926+00,2026-05-07 02:49:27.89571+00,,,f,,,,USD,,lab,1.25,2026-03-26,,,,KHAC
30,bb7fc43f-8a54-4cfa-b69f-acd5afce965d,d5ac6269-d8cf-4821-ac8b-a6341e68987b,OBC009,Urea,Urea,,e55a2e29-c6da-42ba-80f9-9b731a622aba,0,,,t,0.00,30,t,t,130,2026-03-26 09:50:22.028926+00,2026-05-07 02:49:27.89571+00,,,f,,,,USD,,lab,1.25,2026-03-26,,,,KHAC
31,a9556d98-d175-46de-be02-8d4e4a6ded32,d5ac6269-d8cf-4821-ac8b-a6341e68987b,OBC010,Creatinine,Creatinine,,e55a2e29-c6da-42ba-80f9-9b731a622aba,0,,,t,0.00,30,t,t,131,2026-03-26 09:50:22.028926+00,2026-05-07 02:49:27.89571+00,,,f,,,,USD,,lab,1.25,2026-03-26,,,,KHAC
32,062f2839-f217-4cef-87ea-256d27864890,d5ac6269-d8cf-4821-ac8b-a6341e68987b,OBC011,Ionogramme,Ionogramme,,e55a2e29-c6da-42ba-80f9-9b731a622aba,0,,,t,0.00,30,t,t,132,2026-03-26 09:50:22.028926+00,2026-05-07 02:49:27.89571+00,,,f,,,,USD,,lab,2.5,2026-03-26,,,,KHAC
33,fec27eae-2f7f-4654-9e2b-102e4d83061d,d5ac6269-d8cf-4821-ac8b-a6341e68987b,OBC012,"Protein, Total","Protein, Total",,e55a2e29-c6da-42ba-80f9-9b731a622aba,0,,,t,0.00,30,t,t,133,2026-03-26 09:50:22.028926+00,2026-05-07 02:49:27.89571+00,,,f,,,,USD,,lab,1.0,2026-03-26,,,,KHAC
34,77d51a77-3b4c-4817-b9b9-10f1b8e6311a,d5ac6269-d8cf-4821-ac8b-a6341e68987b,OBC013,Albumin,Albumin,,e55a2e29-c6da-42ba-80f9-9b731a622aba,0,,,t,0.00,30,t,t,134,2026-03-26 09:50:22.028926+00,2026-05-07 02:49:27.89571+00,,,f,,,,USD,,lab,1.0,2026-03-26,,,,KHAC
35,51e996a0-cc5f-4a0a-80cf-5b9af1034ae6,d5ac6269-d8cf-4821-ac8b-a6341e68987b,OBC014,Calcium,Calcium,,e55a2e29-c6da-42ba-80f9-9b731a622aba,0,,,t,0.00,30,t,t,135,2026-03-26 09:50:22.028926+00,2026-05-07 02:49:27.89571+00,,,f,,,,USD,,lab,1.0,2026-03-26,,,,KHAC
36,1a2dc1c9-57a3-4a79-9446-51b8c922f7eb,d5ac6269-d8cf-4821-ac8b-a6341e68987b,OBC015,Transaminase (AST/SGOT),Transaminase (AST/SGOT),,e55a2e29-c6da-42ba-80f9-9b731a622aba,0,,,t,0.00,30,t,t,136,2026-03-26 09:50:22.028926+00,2026-05-07 02:49:27.89571+00,,,f,,,,USD,,lab,1.5,2026-03-26,,,,KHAC
37,6abf9331-8605-41f5-b0f4-6e08838ce3e8,d5ac6269-d8cf-4821-ac8b-a6341e68987b,OBC016,GGT,GGT,,e55a2e29-c6da-42ba-80f9-9b731a622aba,0,,,t,0.00,30,t,t,137,2026-03-26 09:50:22.028926+00,2026-05-07 02:49:27.89571+00,,,f,,,,USD,,lab,1.5,2026-03-26,,,,KHAC
38,cbc2e81d-b592-409f-bd16-cbae8013c058,d5ac6269-d8cf-4821-ac8b-a6341e68987b,OBC017,ALP,ALP,,e55a2e29-c6da-42ba-80f9-9b731a622aba,0,,,t,0.00,30,t,t,138,2026-03-26 09:50:22.028926+00,2026-05-07 02:49:27.89571+00,,,f,,,,USD,,lab,1.25,2026-03-26,,,,KHAC
39,08d82f50-8d77-47f6-975b-1ba388938844,d5ac6269-d8cf-4821-ac8b-a6341e68987b,OBC018,FT4,FT4,,e55a2e29-c6da-42ba-80f9-9b731a622aba,0,,,t,0.00,30,t,t,139,2026-03-26 09:50:22.028926+00,2026-05-07 02:49:27.89571+00,,,f,,,,USD,,lab,7.0,2026-03-26,,,,KHAC
40,de773bdd-bfcc-46e5-a2e0-ad8cc28b607e,d5ac6269-d8cf-4821-ac8b-a6341e68987b,OBC019,TSH,TSH,,e55a2e29-c6da-42ba-80f9-9b731a622aba,0,,,t,0.00,30,t,t,140,2026-03-26 09:50:22.028926+00,2026-05-07 02:49:27.89571+00,,,f,,,,USD,,lab,7.0,2026-03-26,,,,KHAC
41,e6a24eed-46ea-4cf2-9020-68dedc7e1559,d5ac6269-d8cf-4821-ac8b-a6341e68987b,OST001,Cacium,Cacium,,e256d3d2-65b5-4101-8440-7becd3135b37,0,,,t,0.00,30,t,t,167,2026-03-26 09:50:22.028926+00,2026-05-07 02:49:27.89571+00,,,f,,,,USD,,lab,1.0,2026-03-26,,,,KHAC
42,dd806831-c31d-4cb2-84d2-f48f2fd0f6a9,d5ac6269-d8cf-4821-ac8b-a6341e68987b,OST002,ALP,ALP,,e256d3d2-65b5-4101-8440-7becd3135b37,0,,,t,0.00,30,t,t,168,2026-03-26 09:50:22.028926+00,2026-05-07 02:49:27.89571+00,,,f,,,,USD,,lab,1.25,2026-03-26,,,,KHAC
43,9bb3da3a-187f-4c48-87ab-27a48056c011,d5ac6269-d8cf-4821-ac8b-a6341e68987b,OST003,Vitamin D,Vitamin D,,e256d3d2-65b5-4101-8440-7becd3135b37,0,,,t,0.00,30,t,t,169,2026-03-26 09:50:22.028926+00,2026-05-07 02:49:27.89571+00,,,f,,,,USD,,lab,20.0,2026-03-26,,,,KHAC
44,f758a0dc-1adc-4f6f-9f3c-a30a734e9ac4,d5ac6269-d8cf-4821-ac8b-a6341e68987b,PAN001,Amylase,Amylase,,ed0f4343-36e2-4126-a765-66375e27f276,0,,,t,0.00,30,t,t,87,2026-03-26 09:50:22.028926+00,2026-05-07 02:49:27.89571+00,,,f,,,,USD,,lab,2.0,2026-03-26,,,,KHAC
45,5ee641f7-3739-4737-9294-bb69068f48b5,d5ac6269-d8cf-4821-ac8b-a6341e68987b,XR003,Bone X-Ray (Extremities),,,a1000001-0000-0000-0000-000000000003,25000,,,t,0.00,30,t,t,0,2026-04-06 10:47:31.657211+00,2026-04-22 13:59:40.819123+00,,,f,,,,USD,,imaging,25000,2026-04-06,,,,
46,f98030a9-f42b-44c7-8f25-bd42d3d36a01,d5ac6269-d8cf-4821-ac8b-a6341e68987b,XR004,Spine X-Ray,,,a1000001-0000-0000-0000-000000000003,35000,,,t,0.00,30,t,t,0,2026-04-06 10:47:31.657211+00,2026-04-22 13:59:40.819123+00,,,f,,,,USD,,imaging,35000,2026-04-06,,,,
47,9f404cc4-5dca-4e73-bbd0-59160ff4fee1,d5ac6269-d8cf-4821-ac8b-a6341e68987b,XR005,Panoramic Dental X-Ray,,,a1000001-0000-0000-0000-000000000003,40000,,,t,0.00,30,t,t,0,2026-04-06 10:47:31.657211+00,2026-04-22 13:59:40.819123+00,,,f,,,,USD,,imaging,40000,2026-04-06,,,,
48,030bb88c-a6cf-4ab5-ad07-679f3009c09a,d5ac6269-d8cf-4821-ac8b-a6341e68987b,US001,Abdominal Ultrasound,,,a1000001-0000-0000-0000-000000000004,35000,,,t,0.00,30,t,t,0,2026-04-06 10:47:31.657211+00,2026-04-22 13:59:40.819123+00,,,f,,,,USD,,imaging,35000,2026-04-06,,,,
49,b528e91d-12ba-4c19-9d64-80a2743ed66b,d5ac6269-d8cf-4821-ac8b-a6341e68987b,US002,Pelvic Ultrasound,,,a1000001-0000-0000-0000-000000000004,35000,,,t,0.00,30,t,t,0,2026-04-06 10:47:31.657211+00,2026-04-22 13:59:40.819123+00,,,f,,,,USD,,imaging,35000,2026-04-06,,,,
50,6f83a80b-36b4-4314-b4aa-9fcc4476c0e5,d5ac6269-d8cf-4821-ac8b-a6341e68987b,US003,Obstetric Ultrasound (2D/3D/4D),,,a1000001-0000-0000-0000-000000000004,45000,,,t,0.00,30,t,t,0,2026-04-06 10:47:31.657211+00,2026-04-22 13:59:40.819123+00,,,f,,,,USD,,imaging,45000,2026-04-06,,,,
51,4ec627d7-3ebc-4fa0-81c1-4e87ce8f9d41,d5ac6269-d8cf-4821-ac8b-a6341e68987b,US004,Thyroid Ultrasound,,,a1000001-0000-0000-0000-000000000004,30000,,,t,0.00,30,t,t,0,2026-04-06 10:47:31.657211+00,2026-04-22 13:59:40.819123+00,,,f,,,,USD,,imaging,30000,2026-04-06,,,,
52,7124e477-f910-442f-bdab-df9088429d1e,d5ac6269-d8cf-4821-ac8b-a6341e68987b,US005,Breast Ultrasound,,,a1000001-0000-0000-0000-000000000004,35000,,,t,0.00,30,t,t,0,2026-04-06 10:47:31.657211+00,2026-04-22 13:59:40.819123+00,,,f,,,,USD,,imaging,35000,2026-04-06,,,,
53,a5f622cb-61f2-43c8-9674-6493c6b3ec15,d5ac6269-d8cf-4821-ac8b-a6341e68987b,US006,Echocardiogram,,,a1000001-0000-0000-0000-000000000004,50000,,,t,0.00,30,t,t,0,2026-04-06 10:47:31.657211+00,2026-04-22 13:59:40.819123+00,,,f,,,,USD,,imaging,50000,2026-04-06,,,,
54,933ebdd3-bfe7-4993-9a08-7f5ee8708b01,d5ac6269-d8cf-4821-ac8b-a6341e68987b,US007,Vascular Doppler Ultrasound,,,a1000001-0000-0000-0000-000000000004,55000,,,t,0.00,30,t,t,0,2026-04-06 10:47:31.657211+00,2026-04-22 13:59:40.819123+00,,,f,,,,USD,,imaging,55000,2026-04-06,,,,
55,f5affa8d-6acb-42a0-9095-bd8c1cc599a4,d5ac6269-d8cf-4821-ac8b-a6341e68987b,ED001,Upper GI Endoscopy (EGD),,,a1000001-0000-0000-0000-000000000005,80000,,,t,0.00,30,t,t,0,2026-04-06 10:47:31.657211+00,2026-04-22 13:59:40.819123+00,,,f,,,,USD,,imaging,80000,2026-04-06,,,,
56,bab4d5a9-de36-408b-922a-a1897fb9c877,d5ac6269-d8cf-4821-ac8b-a6341e68987b,ED002,Colonoscopy,,,a1000001-0000-0000-0000-000000000005,120000,,,t,0.00,30,t,t,0,2026-04-06 10:47:31.657211+00,2026-04-22 13:59:40.819123+00,,,f,,,,USD,,imaging,120000,2026-04-06,,,,
57,fbf4a9f4-ac4e-4e88-8c29-394c27036bfd,d5ac6269-d8cf-4821-ac8b-a6341e68987b,ED003,Bronchoscopy,,,a1000001-0000-0000-0000-000000000005,150000,,,t,0.00,30,t,t,0,2026-04-06 10:47:31.657211+00,2026-04-22 13:59:40.819123+00,,,f,,,,USD,,imaging,150000,2026-04-06,,,,
58,38e87c33-d035-4f33-b06b-4729eac4f54d,d5ac6269-d8cf-4821-ac8b-a6341e68987b,ED004,Nasopharyngoscopy,,,a1000001-0000-0000-0000-000000000005,60000,,,t,0.00,30,t,t,0,2026-04-06 10:47:31.657211+00,2026-04-22 13:59:40.819123+00,,,f,,,,USD,,imaging,60000,2026-04-06,,,,
59,533b31d7-0a32-461e-96b5-432560ed13f5,d5ac6269-d8cf-4821-ac8b-a6341e68987b,ANM001,CBC,CBC,,06d846d4-c91f-4152-9a75-b7dfbdbaf9c8,0,,,t,0.00,30,t,t,144,2026-03-26 09:50:22.028926+00,2026-05-07 02:49:27.89571+00,,,f,,,,USD,,lab,2.0,2026-03-26,,,,HUYET_HOC
60,dec124ea-0361-436d-bca8-04240e964b31,d5ac6269-d8cf-4821-ac8b-a6341e68987b,PAN002,Lipase,Lipase,,ed0f4343-36e2-4126-a765-66375e27f276,0,,,t,0.00,30,t,t,88,2026-03-26 09:50:22.028926+00,2026-05-07 02:49:27.89571+00,,,f,,,,USD,,lab,6.0,2026-03-26,,,,KHAC
61,8f347a24-ae9b-40f0-a6c9-8dff38cfcdc6,d5ac6269-d8cf-4821-ac8b-a6341e68987b,PNC007,Glucose,Glucose,,adc975e0-91f3-4c63-8e62-bf2dfd1759b9,0,,,t,0.00,30,t,t,30,2026-03-26 09:50:22.028926+00,2026-05-07 02:49:27.89571+00,,,f,,,,USD,,lab,1.0,2026-03-26,,,,KHAC
62,71892e47-c341-43ce-afeb-938122c23a6c,d5ac6269-d8cf-4821-ac8b-a6341e68987b,PNC008,Bicarbonate,Bicarbonate,,adc975e0-91f3-4c63-8e62-bf2dfd1759b9,0,,,t,0.00,30,t,t,31,2026-03-26 09:50:22.028926+00,2026-05-07 02:49:27.89571+00,,,f,,,,USD,,lab,4.0,2026-03-26,,,,KHAC
63,65594aff-21e5-4738-a972-25c2c68a54c5,d5ac6269-d8cf-4821-ac8b-a6341e68987b,PNC009,FT4,FT4,,adc975e0-91f3-4c63-8e62-bf2dfd1759b9,0,,,t,0.00,30,t,t,32,2026-03-26 09:50:22.028926+00,2026-05-07 02:49:27.89571+00,,,f,,,,USD,,lab,7.0,2026-03-26,,,,KHAC
64,1b22cb3f-78bd-4ed6-9247-6cef3e6754e0,d5ac6269-d8cf-4821-ac8b-a6341e68987b,PNC010,TSH,TSH,,adc975e0-91f3-4c63-8e62-bf2dfd1759b9,0,,,t,0.00,30,t,t,33,2026-03-26 09:50:22.028926+00,2026-05-07 02:49:27.89571+00,,,f,,,,USD,,lab,2.0,2026-03-26,,,,KHAC
65,8a7316a8-cdf8-4869-999c-7b35eda68a20,d5ac6269-d8cf-4821-ac8b-a6341e68987b,PNC011,Urinalysis,Urinalysis,,adc975e0-91f3-4c63-8e62-bf2dfd1759b9,0,,,t,0.00,30,t,t,34,2026-03-26 09:50:22.028926+00,2026-05-07 02:49:27.89571+00,,,f,,,,USD,,lab,2.0,2026-03-26,,,,KHAC
66,7a9d47bf-ad62-4385-873e-8a54fa24afbe,d5ac6269-d8cf-4821-ac8b-a6341e68987b,PRG001,CBC,CBC,,17b9da32-ed3a-4006-8c74-7d920e3009da,0,,,t,0.00,30,t,t,44,2026-03-26 09:50:22.028926+00,2026-05-07 02:49:27.89571+00,,,f,,,,USD,,lab,2.0,2026-03-26,,,,KHAC
67,a30d0d65-88e7-4c74-92df-d8bfdfc773f9,d5ac6269-d8cf-4821-ac8b-a6341e68987b,PRG002,ABO and Rhesus,ABO and Rhesus,,17b9da32-ed3a-4006-8c74-7d920e3009da,0,,,t,0.00,30,t,t,45,2026-03-26 09:50:22.028926+00,2026-05-07 02:49:27.89571+00,,,f,,,,USD,,lab,2.0,2026-03-26,,,,KHAC
68,cc30e935-ca2d-4807-8134-1b73881dc0b4,d5ac6269-d8cf-4821-ac8b-a6341e68987b,PRG003,Toxoplasma IgM,Toxoplasma IgM,,17b9da32-ed3a-4006-8c74-7d920e3009da,0,,,t,0.00,30,t,t,46,2026-03-26 09:50:22.028926+00,2026-05-07 02:49:27.89571+00,,,f,,,,USD,,lab,10.0,2026-03-26,,,,KHAC
69,260d5c56-a7a0-4fb1-9200-89d97246e6fe,d5ac6269-d8cf-4821-ac8b-a6341e68987b,PRG004,Toxoplasma IgG,Toxoplasma IgG,,17b9da32-ed3a-4006-8c74-7d920e3009da,0,,,t,0.00,30,t,t,47,2026-03-26 09:50:22.028926+00,2026-05-07 02:49:27.89571+00,,,f,,,,USD,,lab,10.0,2026-03-26,,,,KHAC
70,3329aa35-3c35-4289-8893-ffc820ac5c04,d5ac6269-d8cf-4821-ac8b-a6341e68987b,PRG005,Rubella IgG,Rubella IgG,,17b9da32-ed3a-4006-8c74-7d920e3009da,0,,,t,0.00,30,t,t,48,2026-03-26 09:50:22.028926+00,2026-05-07 02:49:27.89571+00,,,f,,,,USD,,lab,10.0,2026-03-26,,,,KHAC
71,6ba76070-2c6b-47b4-8609-06a887e86572,d5ac6269-d8cf-4821-ac8b-a6341e68987b,PRG006,Rubella IgM,Rubella IgM,,17b9da32-ed3a-4006-8c74-7d920e3009da,0,,,t,0.00,30,t,t,49,2026-03-26 09:50:22.028926+00,2026-05-07 02:49:27.89571+00,,,f,,,,USD,,lab,10.0,2026-03-26,,,,KHAC
72,b73168b2-9da1-4c9e-9a96-fa5fe01893f0,d5ac6269-d8cf-4821-ac8b-a6341e68987b,PRG007,HBs Ag,HBs Ag,,17b9da32-ed3a-4006-8c74-7d920e3009da,0,,,t,0.00,30,t,t,50,2026-03-26 09:50:22.028926+00,2026-05-07 02:49:27.89571+00,,,f,,,,USD,,lab,3.5,2026-03-26,,,,KHAC
73,0ad7b7b3-9985-4677-b80a-0472968af9fe,d5ac6269-d8cf-4821-ac8b-a6341e68987b,PRG008,HCV Ab,HCV Ab,,17b9da32-ed3a-4006-8c74-7d920e3009da,0,,,t,0.00,30,t,t,51,2026-03-26 09:50:22.028926+00,2026-05-07 02:49:27.89571+00,,,f,,,,USD,,lab,5.0,2026-03-26,,,,KHAC
74,37284b42-f0e0-4ee7-af71-a0b362f30450,d5ac6269-d8cf-4821-ac8b-a6341e68987b,PRG009,HIV Ab,HIV Ab,,17b9da32-ed3a-4006-8c74-7d920e3009da,0,,,t,0.00,30,t,t,52,2026-03-26 09:50:22.028926+00,2026-05-07 02:49:27.89571+00,,,f,,,,USD,,lab,6.0,2026-03-26,,,,KHAC
75,520f368e-9ce4-4467-95ea-639ff6a603e4,d5ac6269-d8cf-4821-ac8b-a6341e68987b,PRG010,RPR,RPR,,17b9da32-ed3a-4006-8c74-7d920e3009da,0,,,t,0.00,30,t,t,53,2026-03-26 09:50:22.028926+00,2026-05-07 02:49:27.89571+00,,,f,,,,USD,,lab,2.0,2026-03-26,,,,KHAC
76,98cdc054-2651-4023-8713-f4574ecfa2c7,d5ac6269-d8cf-4821-ac8b-a6341e68987b,PRG011,TPHA,TPHA,,17b9da32-ed3a-4006-8c74-7d920e3009da,0,,,t,0.00,30,t,t,54,2026-03-26 09:50:22.028926+00,2026-05-07 02:49:27.89571+00,,,f,,,,USD,,lab,7.5,2026-03-26,,,,KHAC
77,4eca9ee9-6771-49ab-a3a3-00fd73a58985,d5ac6269-d8cf-4821-ac8b-a6341e68987b,PRG012,FT4,FT4,,17b9da32-ed3a-4006-8c74-7d920e3009da,0,,,t,0.00,30,t,t,55,2026-03-26 09:50:22.028926+00,2026-05-07 02:49:27.89571+00,,,f,,,,USD,,lab,7.0,2026-03-26,,,,KHAC
78,9b01fcf0-bee6-4b4a-a603-516fd3311ae3,d5ac6269-d8cf-4821-ac8b-a6341e68987b,PRG013,TSH,TSH,,17b9da32-ed3a-4006-8c74-7d920e3009da,0,,,t,0.00,30,t,t,56,2026-03-26 09:50:22.028926+00,2026-05-07 02:49:27.89571+00,,,f,,,,USD,,lab,7.0,2026-03-26,,,,KHAC
79,b447b9f2-df3d-4e68-ae12-109357551034,d5ac6269-d8cf-4821-ac8b-a6341e68987b,PRG014,Urinalysis,Urinalysis,,17b9da32-ed3a-4006-8c74-7d920e3009da,0,,,t,0.00,30,t,t,57,2026-03-26 09:50:22.028926+00,2026-05-07 02:49:27.89571+00,,,f,,,,USD,,lab,2.0,2026-03-26,,,,KHAC
80,33fbb08a-76eb-42f3-b9dd-5ff7e10dbfe9,d5ac6269-d8cf-4821-ac8b-a6341e68987b,STD001,RPR,RPR,,d5ac5161-1de8-4f5f-9bec-bb3907b55734,0,,,t,0.00,30,t,t,153,2026-03-26 09:50:22.028926+00,2026-05-07 02:49:27.89571+00,,,f,,,,USD,,lab,2.0,2026-03-26,,,,KHAC
81,1b0cd122-cd52-4162-acde-5da25d9eb9bb,d5ac6269-d8cf-4821-ac8b-a6341e68987b,STD002,TPHA,TPHA,,d5ac5161-1de8-4f5f-9bec-bb3907b55734,0,,,t,0.00,30,t,t,154,2026-03-26 09:50:22.028926+00,2026-05-07 02:49:27.89571+00,,,f,,,,USD,,lab,7.5,2026-03-26,,,,KHAC
82,d6abaa6c-951e-45cf-9177-1fa90a0930bb,d5ac6269-d8cf-4821-ac8b-a6341e68987b,STD003,HIV Ab,HIV Ab,,d5ac5161-1de8-4f5f-9bec-bb3907b55734,0,,,t,0.00,30,t,t,155,2026-03-26 09:50:22.028926+00,2026-05-07 02:49:27.89571+00,,,f,,,,USD,,lab,6.0,2026-03-26,,,,KHAC
83,6b8f75c7-954c-47e3-96a2-45eb493d4716,d5ac6269-d8cf-4821-ac8b-a6341e68987b,TFC001,CA 15-3,CA 15-3,,c8275c65-b864-4449-9188-0583197e7803,0,,,t,0.00,30,t,t,109,2026-03-26 09:50:22.028926+00,2026-05-07 02:49:27.89571+00,,,f,,,,USD,,lab,12.5,2026-03-26,,,,KHAC
84,0e1dfd48-26ad-4aeb-8bb5-fab5086be4ef,d5ac6269-d8cf-4821-ac8b-a6341e68987b,TFC002,CA 125,CA 125,,c8275c65-b864-4449-9188-0583197e7803,0,,,t,0.00,30,t,t,110,2026-03-26 09:50:22.028926+00,2026-05-07 02:49:27.89571+00,,,f,,,,USD,,lab,12.5,2026-03-26,,,,KHAC
85,fe576a0a-a91d-4c67-9e93-975d294cf852,d5ac6269-d8cf-4821-ac8b-a6341e68987b,TFC003,CA 72-4,CA 72-4,,c8275c65-b864-4449-9188-0583197e7803,0,,,t,0.00,30,t,t,111,2026-03-26 09:50:22.028926+00,2026-05-07 02:49:27.89571+00,,,f,,,,USD,,lab,20.0,2026-03-26,,,,KHAC
86,83e93cbb-229d-4fcf-91a2-058bcc36cdfa,d5ac6269-d8cf-4821-ac8b-a6341e68987b,TFC004,CEA,CEA,,c8275c65-b864-4449-9188-0583197e7803,0,,,t,0.00,30,t,t,112,2026-03-26 09:50:22.028926+00,2026-05-07 02:49:27.89571+00,,,f,,,,USD,,lab,10.0,2026-03-26,,,,KHAC
87,41d9e8a0-3975-4c2c-8898-835c6e2ab2ee,d5ac6269-d8cf-4821-ac8b-a6341e68987b,TFC005,AFP,AFP,,c8275c65-b864-4449-9188-0583197e7803,0,,,t,0.00,30,t,t,113,2026-03-26 09:50:22.028926+00,2026-05-07 02:49:27.89571+00,,,f,,,,USD,,lab,7.0,2026-03-26,,,,KHAC
88,273fedc0-68e1-4124-9945-f9f0689fca2c,d5ac6269-d8cf-4821-ac8b-a6341e68987b,TFC006,CA19-9,CA19-9,,c8275c65-b864-4449-9188-0583197e7803,0,,,t,0.00,30,t,t,114,2026-03-26 09:50:22.028926+00,2026-05-07 02:49:27.89571+00,,,f,,,,USD,,lab,12.5,2026-03-26,,,,KHAC
89,5aa763b1-4f59-4491-836c-f32dc90f5ab8,d5ac6269-d8cf-4821-ac8b-a6341e68987b,ANM002,Reticulocyte,Reticulocyte,,06d846d4-c91f-4152-9a75-b7dfbdbaf9c8,0,,,t,0.00,30,t,t,145,2026-03-26 09:50:22.028926+00,2026-05-07 02:49:27.89571+00,,,f,,,,USD,,lab,2.0,2026-03-26,,,,HUYET_HOC
90,5e44ab26-e8ff-4f0f-8cd8-44b9db7b0ed5,d5ac6269-d8cf-4821-ac8b-a6341e68987b,ANM003,Iron,Iron,,06d846d4-c91f-4152-9a75-b7dfbdbaf9c8,0,,,t,0.00,30,t,t,146,2026-03-26 09:50:22.028926+00,2026-05-07 02:49:27.89571+00,,,f,,,,USD,,lab,2.0,2026-03-26,,,,HUYET_HOC
91,bd80d337-f894-4f71-bd55-dfa3704bf52d,d5ac6269-d8cf-4821-ac8b-a6341e68987b,ANM004,Vitamin B12,Vitamin B12,,06d846d4-c91f-4152-9a75-b7dfbdbaf9c8,0,,,t,0.00,30,t,t,147,2026-03-26 09:50:22.028926+00,2026-05-07 02:49:27.89571+00,,,f,,,,USD,,lab,17.0,2026-03-26,,,,HUYET_HOC
92,667f09ee-5960-413c-b3b6-0e546ddab61a,d5ac6269-d8cf-4821-ac8b-a6341e68987b,ANM005,ESR,ESR,,06d846d4-c91f-4152-9a75-b7dfbdbaf9c8,0,,,t,0.00,30,t,t,148,2026-03-26 09:50:22.028926+00,2026-05-07 02:49:27.89571+00,,,f,,,,USD,,lab,1.0,2026-03-26,,,,HUYET_HOC
93,4e7e1a3f-9190-4d7e-8949-3305585bcc49,d5ac6269-d8cf-4821-ac8b-a6341e68987b,BLD004,CBC,CBC,,be4dc370-c85e-457d-af73-16a7ab538a24,0,,,t,0.00,30,t,t,166,2026-03-26 09:50:22.028926+00,2026-05-07 02:49:27.89571+00,,,f,,,,USD,,lab,2.0,2026-03-26,,,,HUYET_HOC
94,ec60d069-62ae-4b89-8266-f3190c80c8ff,d5ac6269-d8cf-4821-ac8b-a6341e68987b,BLD001,TP,TP,,be4dc370-c85e-457d-af73-16a7ab538a24,0,,,t,0.00,30,t,t,163,2026-03-26 09:50:22.028926+00,2026-05-07 02:49:27.89571+00,,,f,,,,USD,,lab,3.0,2026-03-26,,,,DONG_MAU
95,4a655a0d-95f7-4f9d-91b7-1e0dd8f8b962,d5ac6269-d8cf-4821-ac8b-a6341e68987b,BLD002,APTT,APTT,,be4dc370-c85e-457d-af73-16a7ab538a24,0,,,t,0.00,30,t,t,164,2026-03-26 09:50:22.028926+00,2026-05-07 02:49:27.89571+00,,,f,,,,USD,,lab,5.0,2026-03-26,,,,DONG_MAU
96,90286ac2-844d-4d54-b260-b3b994e75238,d5ac6269-d8cf-4821-ac8b-a6341e68987b,BLD003,Fibinogen,Fibinogen,,be4dc370-c85e-457d-af73-16a7ab538a24,0,,,t,0.00,30,t,t,165,2026-03-26 09:50:22.028926+00,2026-05-07 02:49:27.89571+00,,,f,,,,USD,,lab,5.0,2026-03-26,,,,DONG_MAU
97,4cb45a8b-26bb-4fcd-8e96-f724af86ed10,d5ac6269-d8cf-4821-ac8b-a6341e68987b,CHO001,Total Cholesterol,Total Cholesterol,,8af6ebc8-c767-4c1c-9dcb-acfdefc1c9a7,0,,,t,0.00,30,t,t,18,2026-03-26 09:50:22.028926+00,2026-05-07 02:49:27.89571+00,,,f,,,,USD,,lab,1.0,2026-03-26,,,,SINH_HOA
98,178557b2-9718-41f1-a79c-8ca453fb5a95,d5ac6269-d8cf-4821-ac8b-a6341e68987b,CHO002,HDL-Cholesterol,HDL-Cholesterol,,8af6ebc8-c767-4c1c-9dcb-acfdefc1c9a7,0,,,t,0.00,30,t,t,19,2026-03-26 09:50:22.028926+00,2026-05-07 02:49:27.89571+00,,,f,,,,USD,,lab,2.0,2026-03-26,,,,SINH_HOA
99,ddb422ef-55e5-4813-b836-64fbd4062182,d5ac6269-d8cf-4821-ac8b-a6341e68987b,CHO003,LDL-Cholesterol,LDL-Cholesterol,,8af6ebc8-c767-4c1c-9dcb-acfdefc1c9a7,0,,,t,0.00,30,t,t,20,2026-03-26 09:50:22.028926+00,2026-05-07 02:49:27.89571+00,,,f,,,,USD,,lab,2.0,2026-03-26,,,,SINH_HOA
100,a28e70e0-6414-4ae6-acb9-498aaf809dfb,d5ac6269-d8cf-4821-ac8b-a6341e68987b,CHO004,Triglycerides,Triglycerides,,8af6ebc8-c767-4c1c-9dcb-acfdefc1c9a7,0,,,t,0.00,30,t,t,21,2026-03-26 09:50:22.028926+00,2026-05-07 02:49:27.89571+00,,,f,,,,USD,,lab,1.25,2026-03-26,,,,SINH_HOA
101,900d9804-c04a-4468-8abe-ef6d6ebc3c2f,d5ac6269-d8cf-4821-ac8b-a6341e68987b,CRD001,Troponin I,Troponin I,,be62e745-ebdd-44f4-81ba-18b8747fdcb5,0,,,t,0.00,30,t,t,149,2026-03-26 09:50:22.028926+00,2026-05-07 02:49:27.89571+00,,,f,,,,USD,,lab,15.0,2026-03-26,,,,SINH_HOA
102,09b55322-28bd-46fe-8d35-266e5e8f14b3,d5ac6269-d8cf-4821-ac8b-a6341e68987b,CRD002,Troponin T,Troponin T,,be62e745-ebdd-44f4-81ba-18b8747fdcb5,0,,,t,0.00,30,t,t,150,2026-03-26 09:50:22.028926+00,2026-05-07 02:49:27.89571+00,,,f,,,,USD,,lab,15.0,2026-03-26,,,,SINH_HOA
103,25a881bc-84a2-456a-96b2-4f9b6247961a,d5ac6269-d8cf-4821-ac8b-a6341e68987b,CRD003,CPK,CPK,,be62e745-ebdd-44f4-81ba-18b8747fdcb5,0,,,t,0.00,30,t,t,151,2026-03-26 09:50:22.028926+00,2026-05-07 02:49:27.89571+00,,,f,,,,USD,,lab,2.0,2026-03-26,,,,SINH_HOA
104,d7bbe53e-cc7f-42df-8aa5-d52d3e1a8a3f,d5ac6269-d8cf-4821-ac8b-a6341e68987b,CRD004,CK-MB,CK-MB,,be62e745-ebdd-44f4-81ba-18b8747fdcb5,0,,,t,0.00,30,t,t,152,2026-03-26 09:50:22.028926+00,2026-05-07 02:49:27.89571+00,,,f,,,,USD,,lab,7.0,2026-03-26,,,,SINH_HOA
105,26e03be4-6efc-428f-88a3-5dc80f518acf,d5ac6269-d8cf-4821-ac8b-a6341e68987b,FBG001,Glucose,Glucose,,816c32c4-7de8-48b4-8f86-e2091b7ca279,0,,,t,0.00,30,t,t,22,2026-03-26 09:50:22.028926+00,2026-05-07 02:49:27.89571+00,,,f,,,,USD,,lab,1.0,2026-03-26,,,,SINH_HOA
106,29e6efb2-a36d-49c4-9b65-f127f37b81a9,d5ac6269-d8cf-4821-ac8b-a6341e68987b,FBG002,Hb A1c,Hb A1c,,816c32c4-7de8-48b4-8f86-e2091b7ca279,0,,,t,0.00,30,t,t,23,2026-03-26 09:50:22.028926+00,2026-05-07 02:49:27.89571+00,,,f,,,,USD,,lab,8.5,2026-03-26,,,,SINH_HOA
107,fdca58b2-49f4-4973-b18c-16082eeaab38,d5ac6269-d8cf-4821-ac8b-a6341e68987b,LFT001,Transaminase,Transaminase,,35d0702a-c98f-4ad1-9cfd-2f35b21aff87,0,,,t,0.00,30,t,t,67,2026-03-26 09:50:22.028926+00,2026-05-07 02:49:27.89571+00,,,f,,,,USD,,lab,1.5,2026-03-26,,,,SINH_HOA
108,6d5ada25-f86a-4af6-a0aa-9b0b1bdcedf3,d5ac6269-d8cf-4821-ac8b-a6341e68987b,LFT002,GGT,GGT,,35d0702a-c98f-4ad1-9cfd-2f35b21aff87,0,,,t,0.00,30,t,t,68,2026-03-26 09:50:22.028926+00,2026-05-07 02:49:27.89571+00,,,f,,,,USD,,lab,1.5,2026-03-26,,,,SINH_HOA
109,78b4f683-c55c-4863-a45e-35e61e2d6691,d5ac6269-d8cf-4821-ac8b-a6341e68987b,LFT003,Bilirubine,Bilirubine,,35d0702a-c98f-4ad1-9cfd-2f35b21aff87,0,,,t,0.00,30,t,t,69,2026-03-26 09:50:22.028926+00,2026-05-07 02:49:27.89571+00,,,f,,,,USD,,lab,3.0,2026-03-26,,,,SINH_HOA
110,9d93fbaa-d1df-4f03-8c5b-2d6dff26c410,d5ac6269-d8cf-4821-ac8b-a6341e68987b,LFT004,ALP,ALP,,35d0702a-c98f-4ad1-9cfd-2f35b21aff87,0,,,t,0.00,30,t,t,70,2026-03-26 09:50:22.028926+00,2026-05-07 02:49:27.89571+00,,,f,,,,USD,,lab,1.25,2026-03-26,,,,SINH_HOA
111,1c9d0d2d-bb63-457b-be7d-dcbe0612a864,d5ac6269-d8cf-4821-ac8b-a6341e68987b,LFT005,Albumin,Albumin,,35d0702a-c98f-4ad1-9cfd-2f35b21aff87,0,,,t,0.00,30,t,t,71,2026-03-26 09:50:22.028926+00,2026-05-07 02:49:27.89571+00,,,f,,,,USD,,lab,1.0,2026-03-26,,,,SINH_HOA
112,c1b26b1b-8e25-46cd-9256-c5c31bf8fe6d,d5ac6269-d8cf-4821-ac8b-a6341e68987b,LFT006,Protein,Protein,,35d0702a-c98f-4ad1-9cfd-2f35b21aff87,0,,,t,0.00,30,t,t,72,2026-03-26 09:50:22.028926+00,2026-05-07 02:49:27.89571+00,,,f,,,,USD,,lab,1.0,2026-03-26,,,,SINH_HOA
113,a585e489-a9af-400d-a16b-1b53df5e8076,d5ac6269-d8cf-4821-ac8b-a6341e68987b,ART001,ASLO,ASLO,,125c2d4e-409e-47e6-b0c4-566e8e95f9d1,0,,,t,0.00,30,t,t,97,2026-03-26 09:50:22.028926+00,2026-05-07 02:49:27.89571+00,,,f,,,,USD,,lab,2.0,2026-03-26,,,,MIEN_DICH
114,72c61e37-18eb-4a69-80e0-99b197737345,d5ac6269-d8cf-4821-ac8b-a6341e68987b,ART002,R.Factor,R.Factor,,125c2d4e-409e-47e6-b0c4-566e8e95f9d1,0,,,t,0.00,30,t,t,98,2026-03-26 09:50:22.028926+00,2026-05-07 02:49:27.89571+00,,,f,,,,USD,,lab,2.0,2026-03-26,,,,MIEN_DICH
115,c7d9f64a-d910-47b9-9949-0f90cda4321d,d5ac6269-d8cf-4821-ac8b-a6341e68987b,ART003,Uric Acid,Uric Acid,,125c2d4e-409e-47e6-b0c4-566e8e95f9d1,0,,,t,0.00,30,t,t,99,2026-03-26 09:50:22.028926+00,2026-05-07 02:49:27.89571+00,,,f,,,,USD,,lab,1.25,2026-03-26,,,,MIEN_DICH
116,6e935e00-e647-48f9-a107-f7141cb07ee1,d5ac6269-d8cf-4821-ac8b-a6341e68987b,ART004,CRP,CRP,,125c2d4e-409e-47e6-b0c4-566e8e95f9d1,0,,,t,0.00,30,t,t,100,2026-03-26 09:50:22.028926+00,2026-05-07 02:49:27.89571+00,,,f,,,,USD,,lab,2.5,2026-03-26,,,,MIEN_DICH
117,6bedc72d-71f9-432e-9cf1-bc0b25514a9f,d5ac6269-d8cf-4821-ac8b-a6341e68987b,HEP001,PCR HBV,PCR HBV,,ad3e8b9b-a588-47ce-9ac0-da29a7207322,0,,,t,0.00,30,t,t,81,2026-03-26 09:50:22.028926+00,2026-05-07 02:49:27.89571+00,,,f,,,,USD,,lab,40.0,2026-03-26,,,,MIEN_DICH
118,6eeb187d-3aba-42d8-a5eb-793ebdd8ceba,d5ac6269-d8cf-4821-ac8b-a6341e68987b,HEP002,PCR HCV,PCR HCV,,ad3e8b9b-a588-47ce-9ac0-da29a7207322,0,,,t,0.00,30,t,t,82,2026-03-26 09:50:22.028926+00,2026-05-07 02:49:27.89571+00,,,f,,,,USD,,lab,60.0,2026-03-26,,,,MIEN_DICH
119,89af7bcd-3a9e-4e81-a7d5-b944888b95cb,d5ac6269-d8cf-4821-ac8b-a6341e68987b,TBC001,CBC,CBC,,b8500e57-4621-4eed-a19c-e4dea92bbdbc,0,,,t,0.00,30,t,t,117,2026-03-26 09:50:22.028926+00,2026-05-07 02:49:27.89571+00,,,f,,,,USD,,lab,2.0,2026-03-26,,,,VI_SINH
120,562b0a59-125e-4510-8843-3cd14342982d,d5ac6269-d8cf-4821-ac8b-a6341e68987b,TBC002,β-2 Microglobulin,β-2 Microglobulin,,b8500e57-4621-4eed-a19c-e4dea92bbdbc,0,,,t,0.00,30,t,t,118,2026-03-26 09:50:22.028926+00,2026-05-07 02:49:27.89571+00,,,f,,,,USD,,lab,15.0,2026-03-26,,,,VI_SINH
121,653e0093-49b8-4ce4-b4c7-477b37d34508,d5ac6269-d8cf-4821-ac8b-a6341e68987b,TBC003,Ferritin,Ferritin,,b8500e57-4621-4eed-a19c-e4dea92bbdbc,0,,,t,0.00,30,t,t,119,2026-03-26 09:50:22.028926+00,2026-05-07 02:49:27.89571+00,,,f,,,,USD,,lab,7.5,2026-03-26,,,,VI_SINH
122,43890405-0aea-4dc0-8671-11eced3e0863,d5ac6269-d8cf-4821-ac8b-a6341e68987b,URN001,Urea,Urea,,d2c8067b-8cb9-4d94-a4f6-2dcc7a991c76,0,,,t,0.00,30,t,t,83,2026-03-26 09:50:22.028926+00,2026-05-07 02:49:27.89571+00,,,f,,,,USD,,lab,1.25,2026-03-26,,,,NUOC_TIEU
123,1a08a77f-957b-470f-8131-eb86dd095267,d5ac6269-d8cf-4821-ac8b-a6341e68987b,URN002,Creatinine,Creatinine,,d2c8067b-8cb9-4d94-a4f6-2dcc7a991c76,0,,,t,0.00,30,t,t,84,2026-03-26 09:50:22.028926+00,2026-05-07 02:49:27.89571+00,,,f,,,,USD,,lab,1.25,2026-03-26,,,,NUOC_TIEU
124,e38db713-7a85-4269-b211-1851e938d08c,d5ac6269-d8cf-4821-ac8b-a6341e68987b,URN003,lonogramme,lonogramme,,d2c8067b-8cb9-4d94-a4f6-2dcc7a991c76,0,,,t,0.00,30,t,t,85,2026-03-26 09:50:22.028926+00,2026-05-07 02:49:27.89571+00,,,f,,,,USD,,lab,2.5,2026-03-26,,,,NUOC_TIEU
125,a95e6985-f921-48ae-82ac-57287438cc1a,d5ac6269-d8cf-4821-ac8b-a6341e68987b,PAR002,Amoebiasis,Amoebiasis,,d602a07c-296e-418d-9253-b5217d064ca3,0,,,t,0.00,30,t,t,96,2026-03-26 09:50:22.028926+00,2026-05-07 02:49:27.89571+00,,,f,,,,USD,,lab,7.5,2026-03-26,,,,KY_SINH_TRUNG
126,c7851582-f458-4fe7-9364-03f27fa13608,d5ac6269-d8cf-4821-ac8b-a6341e68987b,PAR001,CBC,CBC,,d602a07c-296e-418d-9253-b5217d064ca3,0,,,t,0.00,30,t,t,95,2026-03-26 09:50:22.028926+00,2026-05-07 02:49:27.89571+00,,,f,,,,USD,,lab,2.0,2026-03-26,,,,KY_SINH_TRUNG
127,29048312-e22f-4e57-a83d-d32f89f83a56,d5ac6269-d8cf-4821-ac8b-a6341e68987b,DRG001,Amphetamine,Amphetamine,,61839725-0f72-44d7-9586-236198b66e7b,0,,,t,0.00,30,t,t,156,2026-03-26 09:50:22.028926+00,2026-05-07 02:49:27.89571+00,,,f,,,,USD,,lab,5.0,2026-03-26,,,,DOC_CHAT
128,a87e52a1-2524-4460-a85b-1718e55c96a1,d5ac6269-d8cf-4821-ac8b-a6341e68987b,DRG002,Methamphetamine,Methamphetamine,,61839725-0f72-44d7-9586-236198b66e7b,0,,,t,0.00,30,t,t,157,2026-03-26 09:50:22.028926+00,2026-05-07 02:49:27.89571+00,,,f,,,,USD,,lab,5.0,2026-03-26,,,,DOC_CHAT
129,a7512de7-281b-41de-b31c-64304cb01c2b,d5ac6269-d8cf-4821-ac8b-a6341e68987b,DRG003,Morphin,Morphin,,61839725-0f72-44d7-9586-236198b66e7b,0,,,t,0.00,30,t,t,158,2026-03-26 09:50:22.028926+00,2026-05-07 02:49:27.89571+00,,,f,,,,USD,,lab,5.0,2026-03-26,,,,DOC_CHAT
130,0d5f916d-7b86-42a8-8108-f632c7078cff,d5ac6269-d8cf-4821-ac8b-a6341e68987b,GHC001,CBC,CBC,,c667d5db-018e-4b2f-8d9a-4ce7d34658be,0,,,t,0.00,30,t,t,1,2026-03-26 09:50:22.028926+00,2026-05-07 02:49:27.89571+00,,,f,,,,USD,,lab,2.0,2026-03-26,,,,KHAC
131,8edce13a-ef98-4c4f-b6b0-dccbfa4b44eb,d5ac6269-d8cf-4821-ac8b-a6341e68987b,GHC002,Glucose,Glucose,,c667d5db-018e-4b2f-8d9a-4ce7d34658be,0,,,t,0.00,30,t,t,2,2026-03-26 09:50:22.028926+00,2026-05-07 02:49:27.89571+00,,,f,,,,USD,,lab,1.0,2026-03-26,,,,KHAC
132,4fcfed6a-6b2d-44c8-8928-4e6d1252453d,d5ac6269-d8cf-4821-ac8b-a6341e68987b,GHC003,Total Cholesterol,Total Cholesterol,,c667d5db-018e-4b2f-8d9a-4ce7d34658be,0,,,t,0.00,30,t,t,3,2026-03-26 09:50:22.028926+00,2026-05-07 02:49:27.89571+00,,,f,,,,USD,,lab,1.0,2026-03-26,,,,KHAC
133,1977f4eb-7907-41dc-89fc-c86af8233ef8,d5ac6269-d8cf-4821-ac8b-a6341e68987b,GHC004,HDL-Cholesterol,HDL-Cholesterol,,c667d5db-018e-4b2f-8d9a-4ce7d34658be,0,,,t,0.00,30,t,t,4,2026-03-26 09:50:22.028926+00,2026-05-07 02:49:27.89571+00,,,f,,,,USD,,lab,2.0,2026-03-26,,,,KHAC
134,6ba8acbf-8c56-41db-a66f-eac8757b7058,d5ac6269-d8cf-4821-ac8b-a6341e68987b,GHC005,LDL-Cholesterol,LDL-Cholesterol,,c667d5db-018e-4b2f-8d9a-4ce7d34658be,0,,,t,0.00,30,t,t,5,2026-03-26 09:50:22.028926+00,2026-05-07 02:49:27.89571+00,,,f,,,,USD,,lab,2.0,2026-03-26,,,,KHAC
135,212493e7-774a-45b1-a5b4-a59e8b72ee34,d5ac6269-d8cf-4821-ac8b-a6341e68987b,GHC006,Triglycerides,Triglycerides,,c667d5db-018e-4b2f-8d9a-4ce7d34658be,0,,,t,0.00,30,t,t,6,2026-03-26 09:50:22.028926+00,2026-05-07 02:49:27.89571+00,,,f,,,,USD,,lab,1.25,2026-03-26,,,,KHAC
136,62cd31d6-da90-46d3-a562-448b06f47623,d5ac6269-d8cf-4821-ac8b-a6341e68987b,GHC007,Uric Acid,Uric Acid,,c667d5db-018e-4b2f-8d9a-4ce7d34658be,0,,,t,0.00,30,t,t,7,2026-03-26 09:50:22.028926+00,2026-05-07 02:49:27.89571+00,,,f,,,,USD,,lab,1.25,2026-03-26,,,,KHAC
137,b838726a-de35-485f-8c26-89b84a0291a3,d5ac6269-d8cf-4821-ac8b-a6341e68987b,GHC008,Urea,Urea,,c667d5db-018e-4b2f-8d9a-4ce7d34658be,0,,,t,0.00,30,t,t,8,2026-03-26 09:50:22.028926+00,2026-05-07 02:49:27.89571+00,,,f,,,,USD,,lab,1.25,2026-03-26,,,,KHAC
138,88c1a94c-9568-4eab-85b5-f4aeeea295ca,d5ac6269-d8cf-4821-ac8b-a6341e68987b,GHC009,Creatinine,Creatinine,,c667d5db-018e-4b2f-8d9a-4ce7d34658be,0,,,t,0.00,30,t,t,9,2026-03-26 09:50:22.028926+00,2026-05-07 02:49:27.89571+00,,,f,,,,USD,,lab,1.25,2026-03-26,,,,KHAC
139,48d31da6-2218-4b7e-a7e0-a1e4510e3299,d5ac6269-d8cf-4821-ac8b-a6341e68987b,GHC010,Ionogramme,Ionogramme,,c667d5db-018e-4b2f-8d9a-4ce7d34658be,0,,,t,0.00,30,t,t,10,2026-03-26 09:50:22.028926+00,2026-05-07 02:49:27.89571+00,,,f,,,,USD,,lab,2.25,2026-03-26,,,,KHAC
140,6890b36c-89c5-435b-8c9c-d9ea34047455,d5ac6269-d8cf-4821-ac8b-a6341e68987b,GHC011,"Protein, Total","Protein, Total",,c667d5db-018e-4b2f-8d9a-4ce7d34658be,0,,,t,0.00,30,t,t,11,2026-03-26 09:50:22.028926+00,2026-05-07 02:49:27.89571+00,,,f,,,,USD,,lab,1.0,2026-03-26,,,,KHAC
141,3b39776c-5d48-4b66-8c01-dc1558e6dba7,d5ac6269-d8cf-4821-ac8b-a6341e68987b,GHC012,Albumin,Albumin,,c667d5db-018e-4b2f-8d9a-4ce7d34658be,0,,,t,0.00,30,t,t,12,2026-03-26 09:50:22.028926+00,2026-05-07 02:49:27.89571+00,,,f,,,,USD,,lab,1.0,2026-03-26,,,,KHAC
142,6c280446-eac6-4ef7-8532-18ca9887e324,d5ac6269-d8cf-4821-ac8b-a6341e68987b,GHC013,Calcium,Calcium,,c667d5db-018e-4b2f-8d9a-4ce7d34658be,0,,,t,0.00,30,t,t,13,2026-03-26 09:50:22.028926+00,2026-05-07 02:49:27.89571+00,,,f,,,,USD,,lab,1.0,2026-03-26,,,,KHAC
143,11866c0d-a914-44b4-a96f-5b37da0e0976,d5ac6269-d8cf-4821-ac8b-a6341e68987b,GHC014,Transaminase,Transaminase,,c667d5db-018e-4b2f-8d9a-4ce7d34658be,0,,,t,0.00,30,t,t,14,2026-03-26 09:50:22.028926+00,2026-05-07 02:49:27.89571+00,,,f,,,,USD,,lab,1.5,2026-03-26,,,,KHAC
144,d813350c-cc34-45ee-a67a-f147c8d9c1fd,d5ac6269-d8cf-4821-ac8b-a6341e68987b,GHC015,GGT,GGT,,c667d5db-018e-4b2f-8d9a-4ce7d34658be,0,,,t,0.00,30,t,t,15,2026-03-26 09:50:22.028926+00,2026-05-07 02:49:27.89571+00,,,f,,,,USD,,lab,1.5,2026-03-26,,,,KHAC
145,399b29e4-c3bf-4f74-b570-1170657eb90c,d5ac6269-d8cf-4821-ac8b-a6341e68987b,GHC016,ALP,ALP,,c667d5db-018e-4b2f-8d9a-4ce7d34658be,0,,,t,0.00,30,t,t,16,2026-03-26 09:50:22.028926+00,2026-05-07 02:49:27.89571+00,,,f,,,,USD,,lab,1.25,2026-03-26,,,,KHAC
146,34f212e5-a0f4-4e3d-bb34-fea18982168d,d5ac6269-d8cf-4821-ac8b-a6341e68987b,GHC017,TSH,TSH,,c667d5db-018e-4b2f-8d9a-4ce7d34658be,0,,,t,0.00,30,t,t,17,2026-03-26 09:50:22.028926+00,2026-05-07 02:49:27.89571+00,,,f,,,,USD,,lab,7.0,2026-03-26,,,,KHAC
147,ac32caa9-ac69-40ff-83d6-23b1e37b4dff,d5ac6269-d8cf-4821-ac8b-a6341e68987b,HAV001,HAV Ab Total,HAV Ab Total,,382e2d86-c7e6-4c22-8e94-e5553e2d60f4,0,,,t,0.00,30,t,t,73,2026-03-26 09:50:22.028926+00,2026-05-07 02:49:27.89571+00,,,f,,,,USD,,lab,7.0,2026-03-26,,,,KHAC
148,1951a495-a9e7-4341-8d5a-5e9319bd7426,d5ac6269-d8cf-4821-ac8b-a6341e68987b,HAV002,HAV Ab IgM,HAV Ab IgM,,382e2d86-c7e6-4c22-8e94-e5553e2d60f4,0,,,t,0.00,30,t,t,74,2026-03-26 09:50:22.028926+00,2026-05-07 02:49:27.89571+00,,,f,,,,USD,,lab,7.0,2026-03-26,,,,KHAC
149,0c5f5262-0ec5-45e9-9e95-eadf304c795a,d5ac6269-d8cf-4821-ac8b-a6341e68987b,HBC001,HBs Ag,HBs Ag,,fb5c7190-d607-43be-b22d-096ec25d85da,0,,,t,0.00,30,t,t,75,2026-03-26 09:50:22.028926+00,2026-05-07 02:49:27.89571+00,,,f,,,,USD,,lab,3.5,2026-03-26,,,,KHAC
150,5274f8ef-8c10-4874-8521-d9630a8a6354,d5ac6269-d8cf-4821-ac8b-a6341e68987b,HBC002,HBs Ab,HBs Ab,,fb5c7190-d607-43be-b22d-096ec25d85da,0,,,t,0.00,30,t,t,76,2026-03-26 09:50:22.028926+00,2026-05-07 02:49:27.89571+00,,,f,,,,USD,,lab,4.5,2026-03-26,,,,KHAC
151,0a6f5cf3-c229-4a2c-9387-b0eed6d93a67,d5ac6269-d8cf-4821-ac8b-a6341e68987b,HBC003,HCV Ab,HCV Ab,,fb5c7190-d607-43be-b22d-096ec25d85da,0,,,t,0.00,30,t,t,77,2026-03-26 09:50:22.028926+00,2026-05-07 02:49:27.89571+00,,,f,,,,USD,,lab,5.0,2026-03-26,,,,KHAC
152,d0c2eb37-90c2-478f-91df-3428c6f735bc,d5ac6269-d8cf-4821-ac8b-a6341e68987b,HBM001,CBC,CBC,,3ed501b4-e23b-4c9b-a464-f854662780de,0,,,t,0.00,30,t,t,35,2026-03-26 09:50:22.028926+00,2026-05-07 02:49:27.89571+00,,,f,,,,USD,,lab,2.0,2026-03-26,,,,KHAC
153,6c5b3062-dd86-4561-ac0d-9201bdcadc9a,d5ac6269-d8cf-4821-ac8b-a6341e68987b,HBM002,ABO,ABO,,3ed501b4-e23b-4c9b-a464-f854662780de,0,,,t,0.00,30,t,t,36,2026-03-26 09:50:22.028926+00,2026-05-07 02:49:27.89571+00,,,f,,,,USD,,lab,2.0,2026-03-26,,,,KHAC
154,96afbdd9-e2ab-433d-9ed9-f2de826ae239,d5ac6269-d8cf-4821-ac8b-a6341e68987b,HBM003,HBs Ag,HBs Ag,,3ed501b4-e23b-4c9b-a464-f854662780de,0,,,t,0.00,30,t,t,37,2026-03-26 09:50:22.028926+00,2026-05-07 02:49:27.89571+00,,,f,,,,USD,,lab,3.5,2026-03-26,,,,KHAC
155,9f80e197-f739-4e99-b012-a91e29570e1f,d5ac6269-d8cf-4821-ac8b-a6341e68987b,HBM004,HBs Ab,HBs Ab,,3ed501b4-e23b-4c9b-a464-f854662780de,0,,,t,0.00,30,t,t,38,2026-03-26 09:50:22.028926+00,2026-05-07 02:49:27.89571+00,,,f,,,,USD,,lab,4.5,2026-03-26,,,,KHAC
156,25f6add7-0d95-4fb3-ac40-51ede1d6b7f3,d5ac6269-d8cf-4821-ac8b-a6341e68987b,HBM005,HCV Ab,HCV Ab,,3ed501b4-e23b-4c9b-a464-f854662780de,0,,,t,0.00,30,t,t,39,2026-03-26 09:50:22.028926+00,2026-05-07 02:49:27.89571+00,,,f,,,,USD,,lab,5.0,2026-03-26,,,,KHAC
157,bc5867eb-e9ea-4789-964c-45440db28d82,d5ac6269-d8cf-4821-ac8b-a6341e68987b,HBM006,HIV Ab,HIV Ab,,3ed501b4-e23b-4c9b-a464-f854662780de,0,,,t,0.00,30,t,t,40,2026-03-26 09:50:22.028926+00,2026-05-07 02:49:27.89571+00,,,f,,,,USD,,lab,6.0,2026-03-26,,,,KHAC
158,53eaf3f6-dbe5-49c8-acef-853d28daa387,d5ac6269-d8cf-4821-ac8b-a6341e68987b,HBM007,RPR,RPR,,3ed501b4-e23b-4c9b-a464-f854662780de,0,,,t,0.00,30,t,t,41,2026-03-26 09:50:22.028926+00,2026-05-07 02:49:27.89571+00,,,f,,,,USD,,lab,2.0,2026-03-26,,,,KHAC
159,a9bfaf27-e2e3-423f-9ead-8837a1e522dd,d5ac6269-d8cf-4821-ac8b-a6341e68987b,HBM008,TPHA,TPHA,,3ed501b4-e23b-4c9b-a464-f854662780de,0,,,t,0.00,30,t,t,42,2026-03-26 09:50:22.028926+00,2026-05-07 02:49:27.89571+00,,,f,,,,USD,,lab,7.5,2026-03-26,,,,KHAC
160,665ee677-0401-4268-b6b9-c7ad4e4ffe2d,d5ac6269-d8cf-4821-ac8b-a6341e68987b,HBM009,Hb Electrophoresis,Hb Electrophoresis,,3ed501b4-e23b-4c9b-a464-f854662780de,0,,,t,0.00,30,t,t,43,2026-03-26 09:50:22.028926+00,2026-05-07 02:49:27.89571+00,,,f,,,,USD,,lab,20.0,2026-03-26,,,,KHAC
161,c41aeff8-fe91-4627-9be7-b6eaceae2a32,d5ac6269-d8cf-4821-ac8b-a6341e68987b,HBP001,Total Cholesterol,Total Cholesterol,,b34918af-b30f-46ec-bec1-efdfb7df8221,0,,,t,0.00,30,t,t,170,2026-03-26 09:50:22.028926+00,2026-05-07 02:49:27.89571+00,,,f,,,,USD,,lab,1.0,2026-03-26,,,,KHAC
162,ff8d8904-25c7-4551-8b2d-5800529b8e6c,d5ac6269-d8cf-4821-ac8b-a6341e68987b,HBP002,Triglycerides,Triglycerides,,b34918af-b30f-46ec-bec1-efdfb7df8221,0,,,t,0.00,30,t,t,171,2026-03-26 09:50:22.028926+00,2026-05-07 02:49:27.89571+00,,,f,,,,USD,,lab,1.25,2026-03-26,,,,KHAC
163,ab37cdb4-31a0-46b7-8f51-884addb57b59,d5ac6269-d8cf-4821-ac8b-a6341e68987b,HBP003,Ionogramme,Ionogramme,,b34918af-b30f-46ec-bec1-efdfb7df8221,0,,,t,0.00,30,t,t,172,2026-03-26 09:50:22.028926+00,2026-05-07 02:49:27.89571+00,,,f,,,,USD,,lab,2.5,2026-03-26,,,,KHAC
164,43bb9882-1f86-4935-8d1a-315e56c01ea3,d5ac6269-d8cf-4821-ac8b-a6341e68987b,HBP004,Urea,Urea,,b34918af-b30f-46ec-bec1-efdfb7df8221,0,,,t,0.00,30,t,t,173,2026-03-26 09:50:22.028926+00,2026-05-07 02:49:27.89571+00,,,f,,,,USD,,lab,1.25,2026-03-26,,,,KHAC
165,78eeed2c-e941-4368-a4cc-198ee9a7e862,d5ac6269-d8cf-4821-ac8b-a6341e68987b,HBP005,Creatinine,Creatinine,,b34918af-b30f-46ec-bec1-efdfb7df8221,0,,,t,0.00,30,t,t,174,2026-03-26 09:50:22.028926+00,2026-05-07 02:49:27.89571+00,,,f,,,,USD,,lab,1.25,2026-03-26,,,,KHAC
166,13eafde4-ffa7-43be-8255-ca0d4234b472,d5ac6269-d8cf-4821-ac8b-a6341e68987b,HBP006,Calcium,Calcium,,b34918af-b30f-46ec-bec1-efdfb7df8221,0,,,t,0.00,30,t,t,175,2026-03-26 09:50:22.028926+00,2026-05-07 02:49:27.89571+00,,,f,,,,USD,,lab,1.0,2026-03-26,,,,KHAC
167,6b83c45b-451c-4a76-8606-f60f93cb7f87,d5ac6269-d8cf-4821-ac8b-a6341e68987b,HBP007,Glucose,Glucose,,b34918af-b30f-46ec-bec1-efdfb7df8221,0,,,t,0.00,30,t,t,176,2026-03-26 09:50:22.028926+00,2026-05-07 02:49:27.89571+00,,,f,,,,USD,,lab,1.0,2026-03-26,,,,KHAC
168,917bc2d0-2d51-4019-b32f-0cb9b2249b7d,d5ac6269-d8cf-4821-ac8b-a6341e68987b,HBP008,Bicarbonate,Bicarbonate,,b34918af-b30f-46ec-bec1-efdfb7df8221,0,,,t,0.00,30,t,t,177,2026-03-26 09:50:22.028926+00,2026-05-07 02:49:27.89571+00,,,f,,,,USD,,lab,4.0,2026-03-26,,,,KHAC
169,9537e16b-2963-4895-ab22-dd8dab545159,d5ac6269-d8cf-4821-ac8b-a6341e68987b,HBP009,FT4,FT4,,b34918af-b30f-46ec-bec1-efdfb7df8221,0,,,t,0.00,30,t,t,178,2026-03-26 09:50:22.028926+00,2026-05-07 02:49:27.89571+00,,,f,,,,USD,,lab,7.0,2026-03-26,,,,KHAC
170,37f8979e-919e-4720-a646-93d9cc9c7192,d5ac6269-d8cf-4821-ac8b-a6341e68987b,HBP010,TSH,TSH,,b34918af-b30f-46ec-bec1-efdfb7df8221,0,,,t,0.00,30,t,t,179,2026-03-26 09:50:22.028926+00,2026-05-07 02:49:27.89571+00,,,f,,,,USD,,lab,7.0,2026-03-26,,,,KHAC
171,874a03ca-2868-4cef-bc8b-a27261e9fa9b,d5ac6269-d8cf-4821-ac8b-a6341e68987b,HBP011,Urinalysis,Urinalysis,,b34918af-b30f-46ec-bec1-efdfb7df8221,0,,,t,0.00,30,t,t,180,2026-03-26 09:50:22.028926+00,2026-05-07 02:49:27.89571+00,,,f,,,,USD,,lab,2.0,2026-03-26,,,,KHAC
172,1ba0c72e-51f4-4244-b715-933979107fea,d5ac6269-d8cf-4821-ac8b-a6341e68987b,HPB001,H.Pyri IgM,H.Pyri IgM,,66bbfddd-1ad7-49d7-99ee-74516bfdb230,0,,,t,0.00,30,t,t,159,2026-03-26 09:50:22.028926+00,2026-05-07 02:49:27.89571+00,,,f,,,,USD,,lab,5.0,2026-03-26,,,,KHAC
173,164312bf-488e-4c32-9956-4a2c5e2ea3f5,d5ac6269-d8cf-4821-ac8b-a6341e68987b,HPB002,H.Pylori IGM,H.Pylori IGM,,66bbfddd-1ad7-49d7-99ee-74516bfdb230,0,,,t,0.00,30,t,t,160,2026-03-26 09:50:22.028926+00,2026-05-07 02:49:27.89571+00,,,f,,,,USD,,lab,5.0,2026-03-26,,,,KHAC
174,7fd8dcfa-d376-4037-b8ce-72901bce45cf,d5ac6269-d8cf-4821-ac8b-a6341e68987b,HPU001,H.Pylori C13,H.Pylori C13,,b626ccca-560e-4050-9f66-a562290a90f1,0,,,t,0.00,30,t,t,161,2026-03-26 09:50:22.028926+00,2026-05-07 02:49:27.89571+00,,,f,,,,USD,,lab,30.0,2026-03-26,,,,KHAC
175,f0e8dbb1-c16a-4787-9832-737d23559cdd,d5ac6269-d8cf-4821-ac8b-a6341e68987b,HTN001,CBC,CBC,,b4f6775b-99f1-4459-989f-90df354b1cb6,0,,,t,0.00,30,t,t,89,2026-03-26 09:50:22.028926+00,2026-05-07 02:49:27.89571+00,,,f,,,,USD,,lab,2.5,2026-03-26,,,,KHAC
176,122f9707-c7fc-4aa2-85fd-b4a83d73cdcb,d5ac6269-d8cf-4821-ac8b-a6341e68987b,HTN002,Dongue Fever lgG,Dongue Fever lgG,,b4f6775b-99f1-4459-989f-90df354b1cb6,0,,,t,0.00,30,t,t,90,2026-03-26 09:50:22.028926+00,2026-05-07 02:49:27.89571+00,,,f,,,,USD,,lab,6.0,2026-03-26,,,,KHAC
177,d564dbba-49eb-42d1-8068-4ecdaa3d1c5a,d5ac6269-d8cf-4821-ac8b-a6341e68987b,HTN003,Dengue Fever IgM,Dengue Fever IgM,,b4f6775b-99f1-4459-989f-90df354b1cb6,0,,,t,0.00,30,t,t,91,2026-03-26 09:50:22.028926+00,2026-05-07 02:49:27.89571+00,,,f,,,,USD,,lab,6.0,2026-03-26,,,,KHAC
178,4752e7fa-5943-4e07-beaa-21f1becf5aea,d5ac6269-d8cf-4821-ac8b-a6341e68987b,HTN004,Dengue Fever NS1 Ag,Dengue Fever NS1 Ag,,b4f6775b-99f1-4459-989f-90df354b1cb6,0,,,t,0.00,30,t,t,92,2026-03-26 09:50:22.028926+00,2026-05-07 02:49:27.89571+00,,,f,,,,USD,,lab,15.0,2026-03-26,,,,KHAC
179,858e2f96-5ed6-4eea-b56b-cee33346068c,d5ac6269-d8cf-4821-ac8b-a6341e68987b,HVS001,HBs Ag,HBs Ag,,bf2eb5b4-9f65-4d2f-8f27-6ac6459b75ec,0,,,t,0.00,30,t,t,78,2026-03-26 09:50:22.028926+00,2026-05-07 02:49:27.89571+00,,,f,,,,USD,,lab,3.5,2026-03-26,,,,KHAC
180,526ca797-60c0-4c36-ad1a-5b7f9fbeef13,d5ac6269-d8cf-4821-ac8b-a6341e68987b,HVS002,HBs Ab,HBs Ab,,bf2eb5b4-9f65-4d2f-8f27-6ac6459b75ec,0,,,t,0.00,30,t,t,79,2026-03-26 09:50:22.028926+00,2026-05-07 02:49:27.89571+00,,,f,,,,USD,,lab,4.5,2026-03-26,,,,KHAC
181,2be1ddf0-51da-4dab-aa92-a4469eb6f415,d5ac6269-d8cf-4821-ac8b-a6341e68987b,HVS003,HBCT Ab,HBCT Ab,,bf2eb5b4-9f65-4d2f-8f27-6ac6459b75ec,0,,,t,0.00,30,t,t,80,2026-03-26 09:50:22.028926+00,2026-05-07 02:49:27.89571+00,,,f,,,,USD,,lab,7.5,2026-03-26,,,,KHAC
182,941394a1-da58-4669-99da-d5317fbb3309,d5ac6269-d8cf-4821-ac8b-a6341e68987b,IFM001,Spermogramme,Spermogramme,,5d2a66d7-5142-4891-8b2e-c959d35daaed,0,,,t,0.00,30,t,t,58,2026-03-26 09:50:22.028926+00,2026-05-07 02:49:27.89571+00,,,f,,,,USD,,lab,10.0,2026-03-26,,,,KHAC
183,e6b49d35-9dd6-44c3-95a1-5b1db0441f5b,d5ac6269-d8cf-4821-ac8b-a6341e68987b,IFM002,Testosterone,Testosterone,,5d2a66d7-5142-4891-8b2e-c959d35daaed,0,,,t,0.00,30,t,t,59,2026-03-26 09:50:22.028926+00,2026-05-07 02:49:27.89571+00,,,f,,,,USD,,lab,15.0,2026-03-26,,,,KHAC
184,4c74d8b3-5a6e-4fd6-bda8-f09c93640ff4,d5ac6269-d8cf-4821-ac8b-a6341e68987b,IFM003,FSH,FSH,,5d2a66d7-5142-4891-8b2e-c959d35daaed,0,,,t,0.00,30,t,t,60,2026-03-26 09:50:22.028926+00,2026-05-07 02:49:27.89571+00,,,f,,,,USD,,lab,12.5,2026-03-26,,,,KHAC
185,7e445c4d-98a9-47e4-99f5-a8c66dc4721c,d5ac6269-d8cf-4821-ac8b-a6341e68987b,IFM004,LH,LH,,5d2a66d7-5142-4891-8b2e-c959d35daaed,0,,,t,0.00,30,t,t,61,2026-03-26 09:50:22.028926+00,2026-05-07 02:49:27.89571+00,,,f,,,,USD,,lab,12.5,2026-03-26,,,,KHAC
186,da964cee-3eb3-4ed2-9a19-d98015113da6,d5ac6269-d8cf-4821-ac8b-a6341e68987b,IFW001,FSH,FSH,,0942d868-000d-4cc9-ad2f-a971475ace9c,0,,,t,0.00,30,t,t,62,2026-03-26 09:50:22.028926+00,2026-05-07 02:49:27.89571+00,,,f,,,,USD,,lab,12.5,2026-03-26,,,,KHAC
187,478d6e4a-3ff8-4e3f-91b7-299c3e4734a6,d5ac6269-d8cf-4821-ac8b-a6341e68987b,IFW002,LH,LH,,0942d868-000d-4cc9-ad2f-a971475ace9c,0,,,t,0.00,30,t,t,63,2026-03-26 09:50:22.028926+00,2026-05-07 02:49:27.89571+00,,,f,,,,USD,,lab,12.5,2026-03-26,,,,KHAC
188,fb83578f-5036-4240-9290-c4973bac0a3b,d5ac6269-d8cf-4821-ac8b-a6341e68987b,IFW003,Estradiol,Estradiol,,0942d868-000d-4cc9-ad2f-a971475ace9c,0,,,t,0.00,30,t,t,64,2026-03-26 09:50:22.028926+00,2026-05-07 02:49:27.89571+00,,,f,,,,USD,,lab,12.5,2026-03-26,,,,KHAC
189,a67a42e2-fe54-43db-bc77-57884f5df607,d5ac6269-d8cf-4821-ac8b-a6341e68987b,IFW004,Prolactin,Prolactin,,0942d868-000d-4cc9-ad2f-a971475ace9c,0,,,t,0.00,30,t,t,65,2026-03-26 09:50:22.028926+00,2026-05-07 02:49:27.89571+00,,,f,,,,USD,,lab,12.0,2026-03-26,,,,KHAC
190,38d7f984-7c88-422f-a714-e950b01b19a2,d5ac6269-d8cf-4821-ac8b-a6341e68987b,IFW005,Progesterone,Progesterone,,0942d868-000d-4cc9-ad2f-a971475ace9c,0,,,t,0.00,30,t,t,66,2026-03-26 09:50:22.028926+00,2026-05-07 02:49:27.89571+00,,,f,,,,USD,,lab,12.0,2026-03-26,,,,KHAC
191,9dec2c28-c9b6-4997-8cd7-ace938dc6381,d5ac6269-d8cf-4821-ac8b-a6341e68987b,INF001,Stool Occult Blood,Stool Occult Blood,,e129572e-bf8b-45b5-9e86-8fe7bab429df,0,,,t,0.00,30,t,t,162,2026-03-26 09:50:22.028926+00,2026-05-07 02:49:27.89571+00,,,f,,,,USD,,lab,5.0,2026-03-26,,,,KHAC
192,a37ea8f8-8474-45f5-a102-2abcdf5ab54e,d5ac6269-d8cf-4821-ac8b-a6341e68987b,INT001,CBC,CBC,,024f02c8-4f08-4b3f-87fb-79c32a159b42,0,,,t,0.00,30,t,t,93,2026-03-26 09:50:22.028926+00,2026-05-07 02:49:27.89571+00,,,f,,,,USD,,lab,2.0,2026-03-26,,,,KHAC
193,c3d60a62-a8b4-406d-9919-33362af5b54f,d5ac6269-d8cf-4821-ac8b-a6341e68987b,INT002,Widal test,Widal test,,024f02c8-4f08-4b3f-87fb-79c32a159b42,0,,,t,0.00,30,t,t,94,2026-03-26 09:50:22.028926+00,2026-05-07 02:49:27.89571+00,,,f,,,,USD,,lab,1.25,2026-03-26,,,,KHAC
194,a201002b-8736-4b9f-b0b6-a1a056801b38,d5ac6269-d8cf-4821-ac8b-a6341e68987b,PNC002,Triglycerides,Triglycerides,,adc975e0-91f3-4c63-8e62-bf2dfd1759b9,0,,,t,0.00,30,t,t,25,2026-03-26 09:50:22.028926+00,2026-05-07 02:49:27.89571+00,,,f,,,,USD,,lab,1.25,2026-03-26,,,,KHAC
195,4a5861ba-9074-42c3-b12a-1d13d070455e,d5ac6269-d8cf-4821-ac8b-a6341e68987b,LAB014,Acid Uric,Acid Uric,Specimen: Urine,b0514d54-d6f7-4482-b89c-4f3d504b0e96,50000,,,t,0.00,15,t,t,14,2026-03-26 10:28:01.854564+00,2026-05-07 02:49:27.89571+00,,,f,,,,USD,1440,lab,2.0,2026-03-26,8200.0000,KHR,2026-03-26 10:29:18.19353+00,KHAC
196,3080eec7-fca8-4d7b-adc5-0f348c2ee5ee,d5ac6269-d8cf-4821-ac8b-a6341e68987b,LAB015,ACTH (Morning) (Adrenocorticotrope Hormone),ACTH (Morning) (Adrenocorticotrope Hormone),Specimen: EDTA,b0514d54-d6f7-4482-b89c-4f3d504b0e96,375000,,,t,0.00,15,t,t,15,2026-03-26 10:28:01.854564+00,2026-05-07 02:49:27.89571+00,,,f,,,,USD,,lab,15.0,2026-03-26,61500.0000,KHR,2026-03-26 10:29:18.19353+00,KHAC
197,3442ea3f-aad2-4e78-996e-ceb593c140ff,d5ac6269-d8cf-4821-ac8b-a6341e68987b,LAB016,Acti Test - Fibro Test,Acti Test - Fibro Test,Specimen: Serum,b0514d54-d6f7-4482-b89c-4f3d504b0e96,3250000,,,t,0.00,15,t,t,16,2026-03-26 10:28:01.854564+00,2026-05-07 02:49:27.89571+00,,,f,,,,USD,,lab,130.0,2026-03-26,533000.0000,KHR,2026-03-26 10:29:18.19353+00,KHAC
198,4fa616ea-4e96-48bf-a91c-3bfedc7c3ee8,d5ac6269-d8cf-4821-ac8b-a6341e68987b,LAB017,Active Renin (Renin),Active Renin (Renin),Specimen: EDTA,b0514d54-d6f7-4482-b89c-4f3d504b0e96,750000,,,t,0.00,15,t,t,17,2026-03-26 10:28:01.854564+00,2026-05-07 02:49:27.89571+00,,,f,,,,USD,,lab,30.0,2026-03-26,123000.0000,KHR,2026-03-26 10:29:18.19353+00,KHAC
199,d9cd8d6b-c188-4fa6-bf5d-e7b25265f502,d5ac6269-d8cf-4821-ac8b-a6341e68987b,LAB018,Acute leukemia immunophenotyping (NEW),Acute leukemia immunophenotyping (NEW),Specimen: EDTA,b0514d54-d6f7-4482-b89c-4f3d504b0e96,7500000,,,t,0.00,15,t,t,18,2026-03-26 10:28:01.854564+00,2026-05-07 02:49:27.89571+00,,,f,,,,USD,,lab,300.0,2026-03-26,1230000.0000,KHR,2026-03-26 10:29:18.19353+00,KHAC
200,7642d936-7bd0-4210-af08-7535a8a70393,d5ac6269-d8cf-4821-ac8b-a6341e68987b,LAB019,ADA (Adenosine deaminase),ADA (Adenosine deaminase),"Specimen: Serum, Fluid",b0514d54-d6f7-4482-b89c-4f3d504b0e96,500000,,,t,0.00,15,t,t,19,2026-03-26 10:28:01.854564+00,2026-05-07 02:49:27.89571+00,,,f,,,,USD,,lab,20.0,2026-03-26,82000.0000,KHR,2026-03-26 10:29:18.19353+00,KHAC
201,97438a13-1d89-4271-9c0b-d3563235cc9a,d5ac6269-d8cf-4821-ac8b-a6341e68987b,LAB020,Adeno Virus IgG,Adeno Virus IgG,Specimen: Serum,b0514d54-d6f7-4482-b89c-4f3d504b0e96,375000,,,t,0.00,15,t,t,20,2026-03-26 10:28:01.854564+00,2026-05-07 02:49:27.89571+00,,,f,,,,USD,,lab,15.0,2026-03-26,61500.0000,KHR,2026-03-26 10:29:18.19353+00,KHAC
202,94be3b96-e10f-4262-80f2-146b729f013f,d5ac6269-d8cf-4821-ac8b-a6341e68987b,LAB021,Adeno Virus IgM,Adeno Virus IgM,Specimen: Serum,b0514d54-d6f7-4482-b89c-4f3d504b0e96,375000,,,t,0.00,15,t,t,21,2026-03-26 10:28:01.854564+00,2026-05-07 02:49:27.89571+00,,,f,,,,USD,,lab,15.0,2026-03-26,61500.0000,KHR,2026-03-26 10:29:18.19353+00,KHAC
203,d77678c0-e001-4902-b5e3-1fc03d1b0ef0,d5ac6269-d8cf-4821-ac8b-a6341e68987b,LAB022,ADH (Anti Diuretic Hormone),ADH (Anti Diuretic Hormone),Specimen: Serum,b0514d54-d6f7-4482-b89c-4f3d504b0e96,1050000,,,t,0.00,15,t,t,22,2026-03-26 10:28:01.854564+00,2026-05-07 02:49:27.89571+00,,,f,,,,USD,,lab,42.0,2026-03-26,172200.0000,KHR,2026-03-26 10:29:18.19353+00,KHAC
204,cd08c16c-bbfa-40c3-8f03-3c9b33856745,d5ac6269-d8cf-4821-ac8b-a6341e68987b,LAB023,Adiponectin,Adiponectin,Specimen: Serum,b0514d54-d6f7-4482-b89c-4f3d504b0e96,750000,,,t,0.00,15,t,t,23,2026-03-26 10:28:01.854564+00,2026-05-07 02:49:27.89571+00,,,f,,,,USD,,lab,30.0,2026-03-26,123000.0000,KHR,2026-03-26 10:29:18.19353+00,KHAC
205,a6b708d0-625b-4545-9bb0-9360b8d75ef6,d5ac6269-d8cf-4821-ac8b-a6341e68987b,LAB024,Adrenaline (Epineprine),Adrenaline (Epineprine),Specimen: EDTA,b0514d54-d6f7-4482-b89c-4f3d504b0e96,550000,,,t,0.00,15,t,t,24,2026-03-26 10:28:01.854564+00,2026-05-07 02:49:27.89571+00,,,f,,,,USD,,lab,22.0,2026-03-26,90200.0000,KHR,2026-03-26 10:29:18.19353+00,KHAC
206,da014d55-d016-49a4-b117-4b76d6cdf6a0,d5ac6269-d8cf-4821-ac8b-a6341e68987b,LAB025,ADN test for paternity identification,ADN test for paternity identification,"Specimen: EDTA, Root hairs",b0514d54-d6f7-4482-b89c-4f3d504b0e96,8750000,,,t,0.00,15,t,t,25,2026-03-26 10:28:01.854564+00,2026-05-07 02:49:27.89571+00,,,f,,,,USD,,lab,350.0,2026-03-26,1435000.0000,KHR,2026-03-26 10:29:18.19353+00,KHAC
207,23539706-6c71-418e-99ac-45a74a8511a7,d5ac6269-d8cf-4821-ac8b-a6341e68987b,LAB026,AFP (Alpha Foeto-Protein),AFP (Alpha Foeto-Protein),Specimen: Serum,b0514d54-d6f7-4482-b89c-4f3d504b0e96,175000,,,t,0.00,15,t,t,26,2026-03-26 10:28:01.854564+00,2026-05-07 02:49:27.89571+00,,,f,,,,USD,1440,lab,7.0,2026-03-26,28700.0000,KHR,2026-03-26 10:29:18.19353+00,KHAC
208,dd062246-f346-49e3-8c8f-ce2765993638,d5ac6269-d8cf-4821-ac8b-a6341e68987b,LAB027,Albumin,Albumin,Specimen: Serum/Urine,b0514d54-d6f7-4482-b89c-4f3d504b0e96,25000,,,t,0.00,15,t,t,27,2026-03-26 10:28:01.854564+00,2026-05-07 02:49:27.89571+00,,,f,,,,USD,1440,lab,1.0,2026-03-26,4100.0000,KHR,2026-03-26 10:29:18.19353+00,KHAC
209,443547cf-1664-45fe-ba97-05e5ee675d36,d5ac6269-d8cf-4821-ac8b-a6341e68987b,LAB028,Albumin Micro/Urine,Albumin Micro/Urine,Specimen: Urine,b0514d54-d6f7-4482-b89c-4f3d504b0e96,200000,,,t,0.00,15,t,t,28,2026-03-26 10:28:01.854564+00,2026-05-07 02:49:27.89571+00,,,f,,,,USD,1440,lab,8.0,2026-03-26,32800.0000,KHR,2026-03-26 10:29:18.19353+00,KHAC
210,3fad0d1d-a09b-4e55-9594-31d11048541d,d5ac6269-d8cf-4821-ac8b-a6341e68987b,LAB029,Aldolase,Aldolase,Specimen: Serum,b0514d54-d6f7-4482-b89c-4f3d504b0e96,400000,,,t,0.00,15,t,t,29,2026-03-26 10:28:01.854564+00,2026-05-07 02:49:27.89571+00,,,f,,,,USD,,lab,16.0,2026-03-26,65600.0000,KHR,2026-03-26 10:29:18.19353+00,KHAC
211,941a4694-8fde-441f-b77f-81d046ff26dd,d5ac6269-d8cf-4821-ac8b-a6341e68987b,LAB030,Aldosterone,Aldosterone,Specimen: EDTA,b0514d54-d6f7-4482-b89c-4f3d504b0e96,875000,,,t,0.00,15,t,t,30,2026-03-26 10:28:01.854564+00,2026-05-07 02:49:27.89571+00,,,f,,,,USD,,lab,35.0,2026-03-26,143500.0000,KHR,2026-03-26 10:29:18.19353+00,KHAC
212,91a673d4-2e40-46d5-9a5a-bc7bcca20880,d5ac6269-d8cf-4821-ac8b-a6341e68987b,LAB031,Alkaline Phosphatase/PAL,Alkaline Phosphatase/PAL,Specimen: Serum,b0514d54-d6f7-4482-b89c-4f3d504b0e96,31250,,,t,0.00,15,t,t,31,2026-03-26 10:28:01.854564+00,2026-05-07 02:49:27.89571+00,,,f,,,,USD,1440,lab,1.25,2026-03-26,5125.0000,KHR,2026-03-26 10:29:18.19353+00,KHAC
213,e569dc50-b56d-44d3-9f71-ea58f1850bdf,d5ac6269-d8cf-4821-ac8b-a6341e68987b,LAB032,Allergy Test Panel 1 (RIDA Qline) (20 Allergy Tests) (NEW),Allergy Test Panel 1 (RIDA Qline) (20 Allergy Tests) (NEW),Specimen: Serum,b0514d54-d6f7-4482-b89c-4f3d504b0e96,1250000,,,t,0.00,15,t,t,32,2026-03-26 10:28:01.854564+00,2026-05-07 02:49:27.89571+00,,,f,,,,USD,1440,lab,50.0,2026-03-26,205000.0000,KHR,2026-03-26 10:29:18.19353+00,KHAC
214,b21c1ddc-f022-4394-9a1b-a5069a53d878,d5ac6269-d8cf-4821-ac8b-a6341e68987b,LAB033,Allergy Test Panel 2 (RIDA Qline) (20 Allergy Tests) (NEW),Allergy Test Panel 2 (RIDA Qline) (20 Allergy Tests) (NEW),Specimen: Serum,b0514d54-d6f7-4482-b89c-4f3d504b0e96,1250000,,,t,0.00,15,t,t,33,2026-03-26 10:28:01.854564+00,2026-05-07 02:49:27.89571+00,,,f,,,,USD,1440,lab,50.0,2026-03-26,205000.0000,KHR,2026-03-26 10:29:18.19353+00,KHAC
215,88776e97-4ca0-4f69-8f63-02b249842a98,d5ac6269-d8cf-4821-ac8b-a6341e68987b,LAB034,Allergy Test Panel 3 (RIDA Qline) (20 Allergy Tests) (NEW),Allergy Test Panel 3 (RIDA Qline) (20 Allergy Tests) (NEW),Specimen: Serum,b0514d54-d6f7-4482-b89c-4f3d504b0e96,1250000,,,t,0.00,15,t,t,34,2026-03-26 10:28:01.854564+00,2026-05-07 02:49:27.89571+00,,,f,,,,USD,1440,lab,50.0,2026-03-26,205000.0000,KHR,2026-03-26 10:29:18.19353+00,KHAC
216,1a5cbdaa-532a-4e2b-a9f0-30902ccffae5,d5ac6269-d8cf-4821-ac8b-a6341e68987b,LAB035,Alpha 1 – Antitrypsine,Alpha 1 – Antitrypsine,Specimen: Serum,b0514d54-d6f7-4482-b89c-4f3d504b0e96,212500,,,t,0.00,15,t,t,35,2026-03-26 10:28:01.854564+00,2026-05-07 02:49:27.89571+00,,,f,,,,USD,,lab,8.5,2026-03-26,34850.0000,KHR,2026-03-26 10:29:18.19353+00,KHAC
217,2ca7e94b-f9a9-4367-a726-6ab793c25d1f,d5ac6269-d8cf-4821-ac8b-a6341e68987b,LAB036,Alpha 2 – Macroglobulin,Alpha 2 – Macroglobulin,Specimen: Serum,b0514d54-d6f7-4482-b89c-4f3d504b0e96,500000,,,t,0.00,15,t,t,36,2026-03-26 10:28:01.854564+00,2026-05-07 02:49:27.89571+00,,,f,,,,USD,,lab,20.0,2026-03-26,82000.0000,KHR,2026-03-26 10:29:18.19353+00,KHAC
218,62b0235b-b5d0-4979-84ea-be87fdddc5e6,d5ac6269-d8cf-4821-ac8b-a6341e68987b,LAB037,Alpha-thalassemia (NEW),Alpha-thalassemia (NEW),Specimen: EDTA,b0514d54-d6f7-4482-b89c-4f3d504b0e96,4625000,,,t,0.00,15,t,t,37,2026-03-26 10:28:01.854564+00,2026-05-07 02:49:27.89571+00,,,f,,,,USD,,lab,185.0,2026-03-26,758500.0000,KHR,2026-03-26 10:29:18.19353+00,KHAC
219,b2f25308-9a37-4fae-bc38-b4a78697af0b,d5ac6269-d8cf-4821-ac8b-a6341e68987b,LAB038,Alpha-TNF (Tumor Necrosis Factor),Alpha-TNF (Tumor Necrosis Factor),Specimen: Serum,b0514d54-d6f7-4482-b89c-4f3d504b0e96,750000,,,t,0.00,15,t,t,38,2026-03-26 10:28:01.854564+00,2026-05-07 02:49:27.89571+00,,,f,,,,USD,,lab,30.0,2026-03-26,123000.0000,KHR,2026-03-26 10:29:18.19353+00,KHAC
220,d8aee58c-0fe9-4258-adf1-b1ea5830ff79,d5ac6269-d8cf-4821-ac8b-a6341e68987b,LAB039,AMA-M2 (Antimitochondrial Ab),AMA-M2 (Antimitochondrial Ab),Specimen: Serum,b0514d54-d6f7-4482-b89c-4f3d504b0e96,500000,,,t,0.00,15,t,t,39,2026-03-26 10:28:01.854564+00,2026-05-07 02:49:27.89571+00,,,f,,,,USD,,lab,20.0,2026-03-26,82000.0000,KHR,2026-03-26 10:29:18.19353+00,KHAC
221,b5bac7ad-a4fe-4858-a3dd-eee414d84ac3,d5ac6269-d8cf-4821-ac8b-a6341e68987b,LAB040,AMH (Anti-Mullerian Hormorn),AMH (Anti-Mullerian Hormorn),Specimen: Serum,b0514d54-d6f7-4482-b89c-4f3d504b0e96,1250000,,,t,0.00,15,t,t,40,2026-03-26 10:28:01.854564+00,2026-05-07 02:49:27.89571+00,,,f,,,,USD,,lab,50.0,2026-03-26,205000.0000,KHR,2026-03-26 10:29:18.19353+00,KHAC
222,9d6b6983-e791-471a-95e0-1c4035b9cada,d5ac6269-d8cf-4821-ac8b-a6341e68987b,LAB041,Amoebiasis (Entamoeba histolytica),Amoebiasis (Entamoeba histolytica),Specimen: Serum,b0514d54-d6f7-4482-b89c-4f3d504b0e96,187500,,,t,0.00,15,t,t,41,2026-03-26 10:28:01.854564+00,2026-05-07 02:49:27.89571+00,,,f,,,,USD,1440,lab,7.5,2026-03-26,30750.0000,KHR,2026-03-26 10:29:18.19353+00,KHAC
223,95dd6f08-ecd0-4d54-95a2-ce128d24472c,d5ac6269-d8cf-4821-ac8b-a6341e68987b,LAB042,Amphetamin,Amphetamin,Specimen: Urine,b0514d54-d6f7-4482-b89c-4f3d504b0e96,125000,,,t,0.00,15,t,t,42,2026-03-26 10:28:01.854564+00,2026-05-07 02:49:27.89571+00,,,f,,,,USD,1440,lab,5.0,2026-03-26,20500.0000,KHR,2026-03-26 10:29:18.19353+00,KHAC
224,a5cdae8b-e2f9-4f3c-b652-a3797ef6e7c8,d5ac6269-d8cf-4821-ac8b-a6341e68987b,LAB043,Amylase,Amylase,Specimen: Serum,b0514d54-d6f7-4482-b89c-4f3d504b0e96,50000,,,t,0.00,15,t,t,43,2026-03-26 10:28:01.854564+00,2026-05-07 02:49:27.89571+00,,,f,,,,USD,1440,lab,2.0,2026-03-26,8200.0000,KHR,2026-03-26 10:29:18.19353+00,KHAC
225,16f5b407-7764-4276-ba5b-6e0a1df1a8bd,d5ac6269-d8cf-4821-ac8b-a6341e68987b,LAB044,Amylase,Amylase,Specimen: Urine,b0514d54-d6f7-4482-b89c-4f3d504b0e96,75000,,,t,0.00,15,t,t,44,2026-03-26 10:28:01.854564+00,2026-05-07 02:49:27.89571+00,,,f,,,,USD,1440,lab,3.0,2026-03-26,12300.0000,KHR,2026-03-26 10:29:18.19353+00,KHAC
226,63cc9447-be28-4a81-9321-d659171d80c7,d5ac6269-d8cf-4821-ac8b-a6341e68987b,LAB045,Anapath,Anapath,Specimen: Specified specimens,b0514d54-d6f7-4482-b89c-4f3d504b0e96,875000,,,t,0.00,15,t,t,45,2026-03-26 10:28:01.854564+00,2026-05-07 02:49:27.89571+00,,,f,,,,USD,,lab,35.0,2026-03-26,143500.0000,KHR,2026-03-26 10:29:18.19353+00,KHAC
227,6ca6ecc6-46d8-4caa-9cfc-0857a0d9a565,d5ac6269-d8cf-4821-ac8b-a6341e68987b,LAB046,Angiostrongylus cantonensis IgG,Angiostrongylus cantonensis IgG,Specimen: Serum,b0514d54-d6f7-4482-b89c-4f3d504b0e96,250000,,,t,0.00,15,t,t,46,2026-03-26 10:28:01.854564+00,2026-05-07 02:49:27.89571+00,,,f,,,,USD,,lab,10.0,2026-03-26,41000.0000,KHR,2026-03-26 10:29:18.19353+00,KHAC
228,871e5152-bb37-4200-ab24-4ddac0ed33f2,d5ac6269-d8cf-4821-ac8b-a6341e68987b,LAB047,Angiostrongylus cantonensis IgM,Angiostrongylus cantonensis IgM,Specimen: Serum,b0514d54-d6f7-4482-b89c-4f3d504b0e96,250000,,,t,0.00,15,t,t,47,2026-03-26 10:28:01.854564+00,2026-05-07 02:49:27.89571+00,,,f,,,,USD,,lab,10.0,2026-03-26,41000.0000,KHR,2026-03-26 10:29:18.19353+00,KHAC
229,2c953b4b-630f-40fb-b7f1-4f61d77f89a3,d5ac6269-d8cf-4821-ac8b-a6341e68987b,LAB048,Angiotensin Converting Enzyme (ACE),Angiotensin Converting Enzyme (ACE),Specimen: Serum,b0514d54-d6f7-4482-b89c-4f3d504b0e96,1500000,,,t,0.00,15,t,t,48,2026-03-26 10:28:01.854564+00,2026-05-07 02:49:27.89571+00,,,f,,,,USD,,lab,60.0,2026-03-26,246000.0000,KHR,2026-03-26 10:29:18.19353+00,KHAC
230,6355e160-633c-4b30-bbcb-06e34aaa3c81,d5ac6269-d8cf-4821-ac8b-a6341e68987b,LAB049,Anti-beta2 glycoprotein IgG,Anti-beta2 glycoprotein IgG,Specimen: Serum,b0514d54-d6f7-4482-b89c-4f3d504b0e96,1650000,,,t,0.00,15,t,t,49,2026-03-26 10:28:01.854564+00,2026-05-07 02:49:27.89571+00,,,f,,,,USD,,lab,66.0,2026-03-26,270600.0000,KHR,2026-03-26 10:29:18.19353+00,KHAC
231,6e64d57a-a6a1-4737-98b9-8aff50d33a25,d5ac6269-d8cf-4821-ac8b-a6341e68987b,LAB050,Anti-beta2 glycoprotein IgM,Anti-beta2 glycoprotein IgM,Specimen: Serum,b0514d54-d6f7-4482-b89c-4f3d504b0e96,1650000,,,t,0.00,15,t,t,50,2026-03-26 10:28:01.854564+00,2026-05-07 02:49:27.89571+00,,,f,,,,USD,,lab,66.0,2026-03-26,270600.0000,KHR,2026-03-26 10:29:18.19353+00,KHAC
232,ec8056a7-1a20-4159-8a45-a40619ee6f1f,d5ac6269-d8cf-4821-ac8b-a6341e68987b,LAB051,Anti-Cardiolipin IgG,Anti-Cardiolipin IgG,Specimen: Serum,b0514d54-d6f7-4482-b89c-4f3d504b0e96,500000,,,t,0.00,15,t,t,51,2026-03-26 10:28:01.854564+00,2026-05-07 02:49:27.89571+00,,,f,,,,USD,,lab,20.0,2026-03-26,82000.0000,KHR,2026-03-26 10:29:18.19353+00,KHAC
233,4d67145e-54e3-4801-8140-542a558a8930,d5ac6269-d8cf-4821-ac8b-a6341e68987b,LAB052,Anti-Cardiolipin IgM,Anti-Cardiolipin IgM,Specimen: Serum,b0514d54-d6f7-4482-b89c-4f3d504b0e96,500000,,,t,0.00,15,t,t,52,2026-03-26 10:28:01.854564+00,2026-05-07 02:49:27.89571+00,,,f,,,,USD,,lab,20.0,2026-03-26,82000.0000,KHR,2026-03-26 10:29:18.19353+00,KHAC
234,c447e014-83bd-481f-9022-2e21a346954d,d5ac6269-d8cf-4821-ac8b-a6341e68987b,LAB053,ANA (Antinuclear Antibody),ANA (Antinuclear Antibody),Specimen: Serum,b0514d54-d6f7-4482-b89c-4f3d504b0e96,312500,,,t,0.00,15,t,t,53,2026-03-26 10:28:01.854564+00,2026-05-07 02:49:27.89571+00,,,f,,,,USD,1440,lab,12.5,2026-03-26,51250.0000,KHR,2026-03-26 10:29:18.19353+00,KHAC
235,7339c7f9-f74a-4818-b099-55864782ceb6,d5ac6269-d8cf-4821-ac8b-a6341e68987b,LAB054,"ANA-8-Profile (Anti SSA60, Anti SSA52, Anti SSB, Anti RNP68, Anti Sm, Anti Scl 70, Anti Jo 1, Anti CENP-B)","ANA-8-Profile (Anti SSA60, Anti SSA52, Anti SSB, Anti RNP68, Anti Sm, Anti Scl 70, Anti Jo 1, Anti CENP-B)",Specimen: Serum,b0514d54-d6f7-4482-b89c-4f3d504b0e96,3000000,,,t,0.00,15,t,t,54,2026-03-26 10:28:01.854564+00,2026-05-07 02:49:27.89571+00,,,f,,,,USD,,lab,120.0,2026-03-26,492000.0000,KHR,2026-03-26 10:29:18.19353+00,KHAC
236,b46af01a-665d-4352-96bb-cbeb219ac7a2,d5ac6269-d8cf-4821-ac8b-a6341e68987b,LAB055,ANCA Screen (Anti-Neutrophil Cytoplasmic Ab),ANCA Screen (Anti-Neutrophil Cytoplasmic Ab),Specimen: Serum,b0514d54-d6f7-4482-b89c-4f3d504b0e96,500000,,,t,0.00,15,t,t,55,2026-03-26 10:28:01.854564+00,2026-05-07 02:49:27.89571+00,,,f,,,,USD,,lab,20.0,2026-03-26,82000.0000,KHR,2026-03-26 10:29:18.19353+00,KHAC
237,b55ab353-8be4-43e1-9a7a-900bb209bfb6,d5ac6269-d8cf-4821-ac8b-a6341e68987b,LAB056,"Aneuploidy of 13, 18, 21, sex chromo and chromosome","Aneuploidy of 13, 18, 21, sex chromo and chromosome",Specimen: Blood in STRECK Tube 10 ml from 9th week of pregnancy,b0514d54-d6f7-4482-b89c-4f3d504b0e96,11250000,,,t,0.00,15,t,t,56,2026-03-26 10:28:01.854564+00,2026-05-07 02:49:27.89571+00,,,f,,,,USD,,lab,450.0,2026-03-26,1845000.0000,KHR,2026-03-26 10:29:18.19353+00,KHAC
238,27dbfe05-6a35-41d0-a4f7-a1612ceea9d2,d5ac6269-d8cf-4821-ac8b-a6341e68987b,LAB057,Anti-CCP,Anti-CCP,Specimen: Serum,b0514d54-d6f7-4482-b89c-4f3d504b0e96,425000,,,t,0.00,15,t,t,57,2026-03-26 10:28:01.854564+00,2026-05-07 02:49:27.89571+00,,,f,,,,USD,1440,lab,17.0,2026-03-26,69700.0000,KHR,2026-03-26 10:29:18.19353+00,KHAC
239,629ed91f-e7c8-4bea-8387-f340cb76ad8a,d5ac6269-d8cf-4821-ac8b-a6341e68987b,LAB058,Anti-C 1q (Quantitative),Anti-C 1q (Quantitative),Specimen: Serum,b0514d54-d6f7-4482-b89c-4f3d504b0e96,900000,,,t,0.00,15,t,t,58,2026-03-26 10:28:01.854564+00,2026-05-07 02:49:27.89571+00,,,f,,,,USD,,lab,36.0,2026-03-26,147600.0000,KHR,2026-03-26 10:29:18.19353+00,KHAC
240,c6c2603f-3400-4fbb-9dec-855bfa1535a5,d5ac6269-d8cf-4821-ac8b-a6341e68987b,LAB059,Anti-ds DNA,Anti-ds DNA,Specimen: Serum,b0514d54-d6f7-4482-b89c-4f3d504b0e96,500000,,,t,0.00,15,t,t,59,2026-03-26 10:28:01.854564+00,2026-05-07 02:49:27.89571+00,,,f,,,,USD,1440,lab,20.0,2026-03-26,82000.0000,KHR,2026-03-26 10:29:18.19353+00,KHAC
241,44722c0e-a715-42b6-964c-67632e412aff,d5ac6269-d8cf-4821-ac8b-a6341e68987b,LAB060,Anti-GAD (Anti Glutamic Acid Decarboxylase),Anti-GAD (Anti Glutamic Acid Decarboxylase),Specimen: Serum,b0514d54-d6f7-4482-b89c-4f3d504b0e96,900000,,,t,0.00,15,t,t,60,2026-03-26 10:28:01.854564+00,2026-05-07 02:49:27.89571+00,,,f,,,,USD,,lab,36.0,2026-03-26,147600.0000,KHR,2026-03-26 10:29:18.19353+00,KHAC
242,e169480c-0153-468b-8c1a-71587c903567,d5ac6269-d8cf-4821-ac8b-a6341e68987b,LAB061,Anti-HAV IgM,Anti-HAV IgM,Specimen: Serum,b0514d54-d6f7-4482-b89c-4f3d504b0e96,175000,,,t,0.00,15,t,t,61,2026-03-26 10:28:01.854564+00,2026-05-07 02:49:27.89571+00,,,f,,,,USD,1440,lab,7.0,2026-03-26,28700.0000,KHR,2026-03-26 10:29:18.19353+00,KHAC
243,86728854-da32-4da0-843e-b8ca1f86c1ea,d5ac6269-d8cf-4821-ac8b-a6341e68987b,LAB062,Anti-HAV Total,Anti-HAV Total,Specimen: Serum,b0514d54-d6f7-4482-b89c-4f3d504b0e96,175000,,,t,0.00,15,t,t,62,2026-03-26 10:28:01.854564+00,2026-05-07 02:49:27.89571+00,,,f,,,,USD,1440,lab,7.0,2026-03-26,28700.0000,KHR,2026-03-26 10:29:18.19353+00,KHAC
244,631f8a9a-f432-406e-819d-0390dad7dbfa,d5ac6269-d8cf-4821-ac8b-a6341e68987b,LAB063,Antigen HBs,Antigen HBs,Specimen: Serum,b0514d54-d6f7-4482-b89c-4f3d504b0e96,87500,,,t,0.00,15,t,t,63,2026-03-26 10:28:01.854564+00,2026-05-07 02:49:27.89571+00,,,f,,,,USD,1440,lab,3.5,2026-03-26,14350.0000,KHR,2026-03-26 10:29:18.19353+00,KHAC
245,0b5a38ea-b7d1-49d4-b948-215b0c258de8,d5ac6269-d8cf-4821-ac8b-a6341e68987b,LAB064,Antigen HBs Quantitative,Antigen HBs Quantitative,Specimen: Serum,b0514d54-d6f7-4482-b89c-4f3d504b0e96,625000,,,t,0.00,15,t,t,64,2026-03-26 10:28:01.854564+00,2026-05-07 02:49:27.89571+00,,,f,,,,USD,1440,lab,25.0,2026-03-26,102500.0000,KHR,2026-03-26 10:29:18.19353+00,KHAC
246,a2b7dd91-bcf7-407b-bedd-2ce7a7ecb451,d5ac6269-d8cf-4821-ac8b-a6341e68987b,LAB065,Anti-HBs Quantitative,Anti-HBs Quantitative,Specimen: Serum,b0514d54-d6f7-4482-b89c-4f3d504b0e96,112500,,,t,0.00,15,t,t,65,2026-03-26 10:28:01.854564+00,2026-05-07 02:49:27.89571+00,,,f,,,,USD,1440,lab,4.5,2026-03-26,18450.0000,KHR,2026-03-26 10:29:18.19353+00,KHAC
247,69630ff0-9170-4672-b12e-f6a4ac25934d,d5ac6269-d8cf-4821-ac8b-a6341e68987b,LAB066,Anti-HBc Total,Anti-HBc Total,Specimen: Serum,b0514d54-d6f7-4482-b89c-4f3d504b0e96,187500,,,t,0.00,15,t,t,66,2026-03-26 10:28:01.854564+00,2026-05-07 02:49:27.89571+00,,,f,,,,USD,1440,lab,7.5,2026-03-26,30750.0000,KHR,2026-03-26 10:29:18.19353+00,KHAC
248,4d72c1d2-dcbd-4cd1-bcb0-0112a639832a,d5ac6269-d8cf-4821-ac8b-a6341e68987b,LAB067,Anti-HBc IgM,Anti-HBc IgM,Specimen: Serum,b0514d54-d6f7-4482-b89c-4f3d504b0e96,250000,,,t,0.00,15,t,t,67,2026-03-26 10:28:01.854564+00,2026-05-07 02:49:27.89571+00,,,f,,,,USD,1440,lab,10.0,2026-03-26,41000.0000,KHR,2026-03-26 10:29:18.19353+00,KHAC
249,9667cb33-5e4a-4b27-aa3a-e1809be2941e,d5ac6269-d8cf-4821-ac8b-a6341e68987b,LAB068,Antigen HBe,Antigen HBe,Specimen: Serum,b0514d54-d6f7-4482-b89c-4f3d504b0e96,137500,,,t,0.00,15,t,t,68,2026-03-26 10:28:01.854564+00,2026-05-07 02:49:27.89571+00,,,f,,,,USD,1440,lab,5.5,2026-03-26,22550.0000,KHR,2026-03-26 10:29:18.19353+00,KHAC
250,7259215f-e3f1-4918-b845-b13058044cd3,d5ac6269-d8cf-4821-ac8b-a6341e68987b,LAB069,Anti-HBe,Anti-HBe,Specimen: Serum,b0514d54-d6f7-4482-b89c-4f3d504b0e96,137500,,,t,0.00,15,t,t,69,2026-03-26 10:28:01.854564+00,2026-05-07 02:49:27.89571+00,,,f,,,,USD,1440,lab,5.5,2026-03-26,22550.0000,KHR,2026-03-26 10:29:18.19353+00,KHAC
251,6dfce6c1-f99c-49e1-9cff-d00a8e8d8214,d5ac6269-d8cf-4821-ac8b-a6341e68987b,LAB070,Anti-HCV,Anti-HCV,Specimen: Serum,b0514d54-d6f7-4482-b89c-4f3d504b0e96,125000,,,t,0.00,15,t,t,70,2026-03-26 10:28:01.854564+00,2026-05-07 02:49:27.89571+00,,,f,,,,USD,1440,lab,5.0,2026-03-26,20500.0000,KHR,2026-03-26 10:29:18.19353+00,KHAC
252,0b1b8b99-d0de-4c38-8161-6f7c20566c67,d5ac6269-d8cf-4821-ac8b-a6341e68987b,LAB071,Anti-HDV IgG,Anti-HDV IgG,Specimen: Serum,b0514d54-d6f7-4482-b89c-4f3d504b0e96,500000,,,t,0.00,15,t,t,71,2026-03-26 10:28:01.854564+00,2026-05-07 02:49:27.89571+00,,,f,,,,USD,,lab,20.0,2026-03-26,82000.0000,KHR,2026-03-26 10:29:18.19353+00,KHAC
253,17fab1d3-78d8-4f01-8066-fcfa69368f45,d5ac6269-d8cf-4821-ac8b-a6341e68987b,LAB072,Anti-HDV IgM,Anti-HDV IgM,Specimen: Serum,b0514d54-d6f7-4482-b89c-4f3d504b0e96,500000,,,t,0.00,15,t,t,72,2026-03-26 10:28:01.854564+00,2026-05-07 02:49:27.89571+00,,,f,,,,USD,,lab,20.0,2026-03-26,82000.0000,KHR,2026-03-26 10:29:18.19353+00,KHAC
254,30c76e59-bbe4-4027-9ca2-0af49994f2db,d5ac6269-d8cf-4821-ac8b-a6341e68987b,LAB073,Anti-HEV IgG,Anti-HEV IgG,Specimen: Serum,b0514d54-d6f7-4482-b89c-4f3d504b0e96,500000,,,t,0.00,15,t,t,73,2026-03-26 10:28:01.854564+00,2026-05-07 02:49:27.89571+00,,,f,,,,USD,,lab,20.0,2026-03-26,82000.0000,KHR,2026-03-26 10:29:18.19353+00,KHAC
255,224c64d1-32ae-4eb8-bbd7-734a070dc1cc,d5ac6269-d8cf-4821-ac8b-a6341e68987b,LAB074,Anti-HEV IgM,Anti-HEV IgM,Specimen: Serum,b0514d54-d6f7-4482-b89c-4f3d504b0e96,500000,,,t,0.00,15,t,t,74,2026-03-26 10:28:01.854564+00,2026-05-07 02:49:27.89571+00,,,f,,,,USD,,lab,20.0,2026-03-26,82000.0000,KHR,2026-03-26 10:29:18.19353+00,KHAC
256,932197c3-cd79-403e-b75b-e5eacfd76310,d5ac6269-d8cf-4821-ac8b-a6341e68987b,LAB075,Anti-HIV ½,Anti-HIV ½,Specimen: Serum,b0514d54-d6f7-4482-b89c-4f3d504b0e96,150000,,,t,0.00,15,t,t,75,2026-03-26 10:28:01.854564+00,2026-05-07 02:49:27.89571+00,,,f,,,,USD,1440,lab,6.0,2026-03-26,24600.0000,KHR,2026-03-26 10:29:18.19353+00,KHAC
257,057e204c-afbf-43ac-8b79-60101cf91830,d5ac6269-d8cf-4821-ac8b-a6341e68987b,LAB076,Anti HIV Ag/Ab Combo,Anti HIV Ag/Ab Combo,Specimen: Serum,b0514d54-d6f7-4482-b89c-4f3d504b0e96,200000,,,t,0.00,15,t,t,76,2026-03-26 10:28:01.854564+00,2026-05-07 02:49:27.89571+00,,,f,,,,USD,1440,lab,8.0,2026-03-26,32800.0000,KHR,2026-03-26 10:29:18.19353+00,KHAC
258,c523fe76-b4f3-4ec0-b986-fe07f30fe58e,d5ac6269-d8cf-4821-ac8b-a6341e68987b,LAB077,Anti-Insulin Ab,Anti-Insulin Ab,Specimen: Serum,b0514d54-d6f7-4482-b89c-4f3d504b0e96,1300000,,,t,0.00,15,t,t,77,2026-03-26 10:28:01.854564+00,2026-05-07 02:49:27.89571+00,,,f,,,,USD,,lab,52.0,2026-03-26,213200.0000,KHR,2026-03-26 10:29:18.19353+00,KHAC
259,1e5ef807-6419-459b-82f0-40d5bcbd0155,d5ac6269-d8cf-4821-ac8b-a6341e68987b,PNC003,Ionogramme,Ionogramme,,adc975e0-91f3-4c63-8e62-bf2dfd1759b9,0,,,t,0.00,30,t,t,26,2026-03-26 09:50:22.028926+00,2026-05-07 02:49:27.89571+00,,,f,,,,USD,,lab,2.5,2026-03-26,,,,KHAC
260,139d662b-3645-4a03-98d6-d7ded731d809,d5ac6269-d8cf-4821-ac8b-a6341e68987b,LAB078,Anti-LKM-1 (Liver Kidney Microsomal),Anti-LKM-1 (Liver Kidney Microsomal),Specimen: Serum,b0514d54-d6f7-4482-b89c-4f3d504b0e96,500000,,,t,0.00,15,t,t,78,2026-03-26 10:28:01.854564+00,2026-05-07 02:49:27.89571+00,,,f,,,,USD,,lab,20.0,2026-03-26,82000.0000,KHR,2026-03-26 10:29:18.19353+00,KHAC
261,4ac9688b-7219-4cc5-8dd3-aff88e5d63da,d5ac6269-d8cf-4821-ac8b-a6341e68987b,LAB079,Anti Microsomal (TPO Ab) (Anti TPO),Anti Microsomal (TPO Ab) (Anti TPO),Specimen: Serum,b0514d54-d6f7-4482-b89c-4f3d504b0e96,375000,,,t,0.00,15,t,t,79,2026-03-26 10:28:01.854564+00,2026-05-07 02:49:27.89571+00,,,f,,,,USD,,lab,15.0,2026-03-26,61500.0000,KHR,2026-03-26 10:29:18.19353+00,KHAC
262,69dc1651-a2e8-4f42-81d7-7f8b4bdb411c,d5ac6269-d8cf-4821-ac8b-a6341e68987b,LAB080,Anti Mycoplasma pneumonia IgG,Anti Mycoplasma pneumonia IgG,Specimen: Serum,b0514d54-d6f7-4482-b89c-4f3d504b0e96,625000,,,t,0.00,15,t,t,80,2026-03-26 10:28:01.854564+00,2026-05-07 02:49:27.89571+00,,,f,,,,USD,,lab,25.0,2026-03-26,102500.0000,KHR,2026-03-26 10:29:18.19353+00,KHAC
263,a5e5a5c0-6826-4ed2-8285-29c3f517b6f2,d5ac6269-d8cf-4821-ac8b-a6341e68987b,LAB081,Anti Mycoplasma pneumonia IgM,Anti Mycoplasma pneumonia IgM,Specimen: Serum,b0514d54-d6f7-4482-b89c-4f3d504b0e96,625000,,,t,0.00,15,t,t,81,2026-03-26 10:28:01.854564+00,2026-05-07 02:49:27.89571+00,,,f,,,,USD,,lab,25.0,2026-03-26,102500.0000,KHR,2026-03-26 10:29:18.19353+00,KHAC
264,dcb36f71-07d7-49dc-91e8-4b92ffbdcc71,d5ac6269-d8cf-4821-ac8b-a6341e68987b,LAB082,Anti Nucleosome,Anti Nucleosome,Specimen: Serum,b0514d54-d6f7-4482-b89c-4f3d504b0e96,500000,,,t,0.00,15,t,t,82,2026-03-26 10:28:01.854564+00,2026-05-07 02:49:27.89571+00,,,f,,,,USD,,lab,20.0,2026-03-26,82000.0000,KHR,2026-03-26 10:29:18.19353+00,KHAC
265,3fa33408-076f-45e6-a431-c11b4955bc1b,d5ac6269-d8cf-4821-ac8b-a6341e68987b,LAB083,Anti Phospholipid IgG,Anti Phospholipid IgG,Specimen: Serum,b0514d54-d6f7-4482-b89c-4f3d504b0e96,500000,,,t,0.00,15,t,t,83,2026-03-26 10:28:01.854564+00,2026-05-07 02:49:27.89571+00,,,f,,,,USD,,lab,20.0,2026-03-26,82000.0000,KHR,2026-03-26 10:29:18.19353+00,KHAC
266,46107fa6-12ec-4dfc-9b4d-bee4c0949560,d5ac6269-d8cf-4821-ac8b-a6341e68987b,LAB084,Anti Phospholipid IgM,Anti Phospholipid IgM,Specimen: Serum,b0514d54-d6f7-4482-b89c-4f3d504b0e96,500000,,,t,0.00,15,t,t,84,2026-03-26 10:28:01.854564+00,2026-05-07 02:49:27.89571+00,,,f,,,,USD,,lab,20.0,2026-03-26,82000.0000,KHR,2026-03-26 10:29:18.19353+00,KHAC
267,a0d7e30c-8918-4053-99a6-99cf8f0111bd,d5ac6269-d8cf-4821-ac8b-a6341e68987b,LAB085,Anti-SLA/LP (Soluble liver antigen/Liver Pancreas),Anti-SLA/LP (Soluble liver antigen/Liver Pancreas),Specimen: Serum,b0514d54-d6f7-4482-b89c-4f3d504b0e96,500000,,,t,0.00,15,t,t,85,2026-03-26 10:28:01.854564+00,2026-05-07 02:49:27.89571+00,,,f,,,,USD,,lab,20.0,2026-03-26,82000.0000,KHR,2026-03-26 10:29:18.19353+00,KHAC
268,1f675454-6df1-4f10-9394-5123b9bd30b2,d5ac6269-d8cf-4821-ac8b-a6341e68987b,LAB086,Anti ICA (Islet cell Autoantibody),Anti ICA (Islet cell Autoantibody),Specimen: Serum,b0514d54-d6f7-4482-b89c-4f3d504b0e96,1000000,,,t,0.00,15,t,t,86,2026-03-26 10:28:01.854564+00,2026-05-07 02:49:27.89571+00,,,f,,,,USD,,lab,40.0,2026-03-26,164000.0000,KHR,2026-03-26 10:29:18.19353+00,KHAC
269,48dc5dc4-22e8-407d-b1fa-96f06904c8e4,d5ac6269-d8cf-4821-ac8b-a6341e68987b,LAB087,Anti-Sm (Anti-Smith),Anti-Sm (Anti-Smith),Specimen: Serum,b0514d54-d6f7-4482-b89c-4f3d504b0e96,375000,,,t,0.00,15,t,t,87,2026-03-26 10:28:01.854564+00,2026-05-07 02:49:27.89571+00,,,f,,,,USD,,lab,15.0,2026-03-26,61500.0000,KHR,2026-03-26 10:29:18.19353+00,KHAC
270,985e89eb-de3b-4fc7-8580-e86a22b785d2,d5ac6269-d8cf-4821-ac8b-a6341e68987b,LAB088,Anti Thyroglobulin,Anti Thyroglobulin,Specimen: Serum,b0514d54-d6f7-4482-b89c-4f3d504b0e96,400000,,,t,0.00,15,t,t,88,2026-03-26 10:28:01.854564+00,2026-05-07 02:49:27.89571+00,,,f,,,,USD,1440,lab,16.0,2026-03-26,65600.0000,KHR,2026-03-26 10:29:18.19353+00,KHAC
271,154335c4-0ecd-4d92-a157-6045792d1a24,d5ac6269-d8cf-4821-ac8b-a6341e68987b,LAB089,Active Renin (Renin),Active Renin (Renin),Specimen: Serum,b0514d54-d6f7-4482-b89c-4f3d504b0e96,750000,,,t,0.00,15,t,t,89,2026-03-26 10:28:01.854564+00,2026-05-07 02:49:27.89571+00,,,f,,,,USD,,lab,30.0,2026-03-26,123000.0000,KHR,2026-03-26 10:29:18.19353+00,KHAC
272,fc57f1a8-4c55-4ab0-a81a-d5339d177a8f,d5ac6269-d8cf-4821-ac8b-a6341e68987b,LAB090,APO lipoprotein A-1,APO lipoprotein A-1,Specimen: Fasting Serum,b0514d54-d6f7-4482-b89c-4f3d504b0e96,250000,,,t,0.00,15,t,t,90,2026-03-26 10:28:01.854564+00,2026-05-07 02:49:27.89571+00,,,f,,,,USD,,lab,10.0,2026-03-26,41000.0000,KHR,2026-03-26 10:29:18.19353+00,KHAC
273,dc3db274-3594-4e75-9aa1-5555563a8082,d5ac6269-d8cf-4821-ac8b-a6341e68987b,LAB091,APO lipoprotein B,APO lipoprotein B,Specimen: Fasting Serum,b0514d54-d6f7-4482-b89c-4f3d504b0e96,250000,,,t,0.00,15,t,t,91,2026-03-26 10:28:01.854564+00,2026-05-07 02:49:27.89571+00,,,f,,,,USD,,lab,10.0,2026-03-26,41000.0000,KHR,2026-03-26 10:29:18.19353+00,KHAC
274,0f8eb593-7f76-46e0-a6ca-8097ae5918d4,d5ac6269-d8cf-4821-ac8b-a6341e68987b,LAB092,APTT / TCA,APTT / TCA,Specimen: 3.8% Sodium Citrate Plasma,b0514d54-d6f7-4482-b89c-4f3d504b0e96,125000,,,t,0.00,15,t,t,92,2026-03-26 10:28:01.854564+00,2026-05-07 02:49:27.89571+00,,,f,,,,USD,1440,lab,5.0,2026-03-26,20500.0000,KHR,2026-03-26 10:29:18.19353+00,KHAC
275,e006c8a3-0e6f-4f81-90f7-9657fc4b9666,d5ac6269-d8cf-4821-ac8b-a6341e68987b,LAB093,ASAT/ALAT (Transaminase),ASAT/ALAT (Transaminase),Specimen: Serum,b0514d54-d6f7-4482-b89c-4f3d504b0e96,37500,,,t,0.00,15,t,t,93,2026-03-26 10:28:01.854564+00,2026-05-07 02:49:27.89571+00,,,f,,,,USD,1440,lab,1.5,2026-03-26,6150.0000,KHR,2026-03-26 10:29:18.19353+00,KHAC
276,4e1f40ec-95cf-408f-82dd-23b5f4306cb3,d5ac6269-d8cf-4821-ac8b-a6341e68987b,LAB094,Arsenic (ICP-MS),Arsenic (ICP-MS),Specimen: EDTA,b0514d54-d6f7-4482-b89c-4f3d504b0e96,2100000,,,t,0.00,15,t,t,94,2026-03-26 10:28:01.854564+00,2026-05-07 02:49:27.89571+00,,,f,,,,USD,,lab,84.0,2026-03-26,344400.0000,KHR,2026-03-26 10:29:18.19353+00,KHAC
277,aaf30785-6b01-42dc-abb5-1a5637b9f943,d5ac6269-d8cf-4821-ac8b-a6341e68987b,LAB095,ASCA (IgA+IgG) (Sacharomyces Ab),ASCA (IgA+IgG) (Sacharomyces Ab),Specimen: Serum,b0514d54-d6f7-4482-b89c-4f3d504b0e96,3000000,,,t,0.00,15,t,t,95,2026-03-26 10:28:01.854564+00,2026-05-07 02:49:27.89571+00,,,f,,,,USD,,lab,120.0,2026-03-26,492000.0000,KHR,2026-03-26 10:29:18.19353+00,KHAC
278,4538f49f-a40b-410b-ae8f-112ac32d442d,d5ac6269-d8cf-4821-ac8b-a6341e68987b,LAB096,Ascaris lumbricoides IgG,Ascaris lumbricoides IgG,Specimen: Serum,b0514d54-d6f7-4482-b89c-4f3d504b0e96,250000,,,t,0.00,15,t,t,96,2026-03-26 10:28:01.854564+00,2026-05-07 02:49:27.89571+00,,,f,,,,USD,,lab,10.0,2026-03-26,41000.0000,KHR,2026-03-26 10:29:18.19353+00,KHAC
279,67a38f09-259f-4902-8304-1245de9d901b,d5ac6269-d8cf-4821-ac8b-a6341e68987b,LAB097,Ascaris lumbricoides IgM,Ascaris lumbricoides IgM,Specimen: Serum,b0514d54-d6f7-4482-b89c-4f3d504b0e96,250000,,,t,0.00,15,t,t,97,2026-03-26 10:28:01.854564+00,2026-05-07 02:49:27.89571+00,,,f,,,,USD,,lab,10.0,2026-03-26,41000.0000,KHR,2026-03-26 10:29:18.19353+00,KHAC
280,7c41425e-5682-4225-8b3f-41c8e73da3e9,d5ac6269-d8cf-4821-ac8b-a6341e68987b,LAB098,ASLO (Quantitative),ASLO (Quantitative),Specimen: Serum,b0514d54-d6f7-4482-b89c-4f3d504b0e96,50000,,,t,0.00,15,t,t,98,2026-03-26 10:28:01.854564+00,2026-05-07 02:49:27.89571+00,,,f,,,,USD,1440,lab,2.0,2026-03-26,8200.0000,KHR,2026-03-26 10:29:18.19353+00,KHAC
281,cc01ee97-240e-4170-88cb-2ecb44be8329,d5ac6269-d8cf-4821-ac8b-a6341e68987b,LAB099,Aspergillus-IgG,Aspergillus-IgG,Specimen: Serum,b0514d54-d6f7-4482-b89c-4f3d504b0e96,500000,,,t,0.00,15,t,t,99,2026-03-26 10:28:01.854564+00,2026-05-07 02:49:27.89571+00,,,f,,,,USD,,lab,20.0,2026-03-26,82000.0000,KHR,2026-03-26 10:29:18.19353+00,KHAC
282,ba68d1d9-3e00-4470-bc74-1f463bc2f9e8,d5ac6269-d8cf-4821-ac8b-a6341e68987b,LAB100,Aspergillus-IgM,Aspergillus-IgM,Specimen: Serum,b0514d54-d6f7-4482-b89c-4f3d504b0e96,500000,,,t,0.00,15,t,t,100,2026-03-26 10:28:01.854564+00,2026-05-07 02:49:27.89571+00,,,f,,,,USD,,lab,20.0,2026-03-26,82000.0000,KHR,2026-03-26 10:29:18.19353+00,KHAC
283,db676733-3e05-45b8-bff6-980e4b0d91db,d5ac6269-d8cf-4821-ac8b-a6341e68987b,LAB101,B6 (Vit B6),B6 (Vit B6),Specimen: EDTA,b0514d54-d6f7-4482-b89c-4f3d504b0e96,3500000,,,t,0.00,15,t,t,101,2026-03-26 10:28:02.254857+00,2026-05-07 02:49:27.89571+00,,,f,,,,USD,,lab,140.0,2026-03-26,574000.0000,KHR,2026-03-26 10:29:18.19353+00,KHAC
284,9585ddcd-a986-4170-a068-b47c1a19f24c,d5ac6269-d8cf-4821-ac8b-a6341e68987b,LAB102,"B9 (Vit B9) (Folate, Folic Acid)","B9 (Vit B9) (Folate, Folic Acid)",Specimen: Serum,b0514d54-d6f7-4482-b89c-4f3d504b0e96,400000,,,t,0.00,15,t,t,102,2026-03-26 10:28:02.254857+00,2026-05-07 02:49:27.89571+00,,,f,,,,USD,1440,lab,16.0,2026-03-26,65600.0000,KHR,2026-03-26 10:29:18.19353+00,KHAC
285,c21847b8-86b6-4c60-b544-9e98d3b87da8,d5ac6269-d8cf-4821-ac8b-a6341e68987b,LAB103,B12 (Cyanocobalamin) (Vit B12),B12 (Cyanocobalamin) (Vit B12),Specimen: Serum,b0514d54-d6f7-4482-b89c-4f3d504b0e96,425000,,,t,0.00,15,t,t,103,2026-03-26 10:28:02.254857+00,2026-05-07 02:49:27.89571+00,,,f,,,,USD,1440,lab,17.0,2026-03-26,69700.0000,KHR,2026-03-26 10:29:18.19353+00,KHAC
286,77baae77-1c4f-42b0-95ff-b2e59e7f3a16,d5ac6269-d8cf-4821-ac8b-a6341e68987b,LAB104,B.N.P (B type Natriuretic Peptide),B.N.P (B type Natriuretic Peptide),Specimen: EDTA,b0514d54-d6f7-4482-b89c-4f3d504b0e96,1125000,,,t,0.00,15,t,t,104,2026-03-26 10:28:02.254857+00,2026-05-07 02:49:27.89571+00,,,f,,,,USD,,lab,45.0,2026-03-26,184500.0000,KHR,2026-03-26 10:29:18.19353+00,KHAC
287,300f770a-0479-43a2-8126-d85209d1e684,d5ac6269-d8cf-4821-ac8b-a6341e68987b,LAB105,Bacteriologic Culture: Blood,Bacteriologic Culture: Blood,Specimen: Sterile container,b0514d54-d6f7-4482-b89c-4f3d504b0e96,500000,,,t,0.00,15,t,t,105,2026-03-26 10:28:02.254857+00,2026-05-07 02:49:27.89571+00,,,f,,,,USD,,lab,20.0,2026-03-26,82000.0000,KHR,2026-03-26 10:29:18.19353+00,KHAC
288,3effc9db-8217-4beb-b4be-db2c697d9bf3,d5ac6269-d8cf-4821-ac8b-a6341e68987b,LAB106,Bacteriologic Culture: Body fluid,Bacteriologic Culture: Body fluid,Specimen: Sterile container,b0514d54-d6f7-4482-b89c-4f3d504b0e96,500000,,,t,0.00,15,t,t,106,2026-03-26 10:28:02.254857+00,2026-05-07 02:49:27.89571+00,,,f,,,,USD,,lab,20.0,2026-03-26,82000.0000,KHR,2026-03-26 10:29:18.19353+00,KHAC
289,6c0c5b8f-f95f-4e32-814b-9a3f12db7ce8,d5ac6269-d8cf-4821-ac8b-a6341e68987b,LAB107,Bacteriologic Culture: Stool,Bacteriologic Culture: Stool,Specimen: Sterile container,b0514d54-d6f7-4482-b89c-4f3d504b0e96,500000,,,t,0.00,15,t,t,107,2026-03-26 10:28:02.254857+00,2026-05-07 02:49:27.89571+00,,,f,,,,USD,,lab,20.0,2026-03-26,82000.0000,KHR,2026-03-26 10:29:18.19353+00,KHAC
290,ccba08f8-4d82-444b-8d01-6e3acb2de95a,d5ac6269-d8cf-4821-ac8b-a6341e68987b,LAB108,Bacteriologic Culture: Urine,Bacteriologic Culture: Urine,Specimen: Sterile container,b0514d54-d6f7-4482-b89c-4f3d504b0e96,500000,,,t,0.00,15,t,t,108,2026-03-26 10:28:02.254857+00,2026-05-07 02:49:27.89571+00,,,f,,,,USD,,lab,20.0,2026-03-26,82000.0000,KHR,2026-03-26 10:29:18.19353+00,KHAC
291,0b089f85-fb52-4375-9177-d17a07f30257,d5ac6269-d8cf-4821-ac8b-a6341e68987b,LAB109,Bacteriologic Culture: Pus,Bacteriologic Culture: Pus,Specimen: Sterile container,b0514d54-d6f7-4482-b89c-4f3d504b0e96,500000,,,t,0.00,15,t,t,109,2026-03-26 10:28:02.254857+00,2026-05-07 02:49:27.89571+00,,,f,,,,USD,,lab,20.0,2026-03-26,82000.0000,KHR,2026-03-26 10:29:18.19353+00,KHAC
292,914298ff-8898-4c4f-9f07-ba67a34caff4,d5ac6269-d8cf-4821-ac8b-a6341e68987b,LAB110,Barbiturate,Barbiturate,Specimen: Urine,b0514d54-d6f7-4482-b89c-4f3d504b0e96,375000,,,t,0.00,15,t,t,110,2026-03-26 10:28:02.254857+00,2026-05-07 02:49:27.89571+00,,,f,,,,USD,,lab,15.0,2026-03-26,61500.0000,KHR,2026-03-26 10:29:18.19353+00,KHAC
293,fb7907f4-889e-4fc2-be86-f95461afafd7,d5ac6269-d8cf-4821-ac8b-a6341e68987b,LAB111,ß2 Microglobulin (B2M),ß2 Microglobulin (B2M),Specimen: Serum,b0514d54-d6f7-4482-b89c-4f3d504b0e96,375000,,,t,0.00,15,t,t,111,2026-03-26 10:28:02.254857+00,2026-05-07 02:49:27.89571+00,,,f,,,,USD,,lab,15.0,2026-03-26,61500.0000,KHR,2026-03-26 10:29:18.19353+00,KHAC
294,97b46f04-ef35-480f-87a1-48a0991ee61b,d5ac6269-d8cf-4821-ac8b-a6341e68987b,LAB112,Beta Cross Laps,Beta Cross Laps,Specimen: Serum,b0514d54-d6f7-4482-b89c-4f3d504b0e96,350000,,,t,0.00,15,t,t,112,2026-03-26 10:28:02.254857+00,2026-05-07 02:49:27.89571+00,,,f,,,,USD,,lab,14.0,2026-03-26,57400.0000,KHR,2026-03-26 10:29:18.19353+00,KHAC
295,865473f7-085e-48a3-8f6b-6115785f9ce2,d5ac6269-d8cf-4821-ac8b-a6341e68987b,LAB113,Beta HCG/Blood (Quantitative),Beta HCG/Blood (Quantitative),Specimen: Serum,b0514d54-d6f7-4482-b89c-4f3d504b0e96,250000,,,t,0.00,15,t,t,113,2026-03-26 10:28:02.254857+00,2026-05-07 02:49:27.89571+00,,,f,,,,USD,1440,lab,10.0,2026-03-26,41000.0000,KHR,2026-03-26 10:29:18.19353+00,KHAC
296,099bdba1-a560-4d05-a569-a3c5949a5007,d5ac6269-d8cf-4821-ac8b-a6341e68987b,LAB114,Beta HCG/Urine (Qualitative),Beta HCG/Urine (Qualitative),Specimen: Urine,b0514d54-d6f7-4482-b89c-4f3d504b0e96,37500,,,t,0.00,15,t,t,114,2026-03-26 10:28:02.254857+00,2026-05-07 02:49:27.89571+00,,,f,,,,USD,1440,lab,1.5,2026-03-26,6150.0000,KHR,2026-03-26 10:29:18.19353+00,KHAC
297,cc6bd618-f1e7-4955-9c4e-49fb95a5c698,d5ac6269-d8cf-4821-ac8b-a6341e68987b,LAB115,Beta-thalassemia,Beta-thalassemia,Specimen: EDTA,b0514d54-d6f7-4482-b89c-4f3d504b0e96,4625000,,,t,0.00,15,t,t,115,2026-03-26 10:28:02.254857+00,2026-05-07 02:49:27.89571+00,,,f,,,,USD,,lab,185.0,2026-03-26,758500.0000,KHR,2026-03-26 10:29:18.19353+00,KHAC
298,235176e3-09d8-4cb1-9acf-9e37199a26ed,d5ac6269-d8cf-4821-ac8b-a6341e68987b,LAB116,Bicarbonates (HCO3) (Reserve Alcaline),Bicarbonates (HCO3) (Reserve Alcaline),Specimen: Serum,b0514d54-d6f7-4482-b89c-4f3d504b0e96,100000,,,t,0.00,15,t,t,116,2026-03-26 10:28:02.254857+00,2026-05-07 02:49:27.89571+00,,,f,,,,USD,1440,lab,4.0,2026-03-26,16400.0000,KHR,2026-03-26 10:29:18.19353+00,KHAC
299,a6d63048-a293-4c94-8969-a569e7ac55b6,d5ac6269-d8cf-4821-ac8b-a6341e68987b,LAB117,"Bilirubin T, D & I","Bilirubin T, D & I",Specimen: Serum,b0514d54-d6f7-4482-b89c-4f3d504b0e96,75000,,,t,0.00,15,t,t,117,2026-03-26 10:28:02.254857+00,2026-05-07 02:49:27.89571+00,,,f,,,,USD,1440,lab,3.0,2026-03-26,12300.0000,KHR,2026-03-26 10:29:18.19353+00,KHAC
300,efc9ab3a-88d2-43d1-9b21-c74243737b71,d5ac6269-d8cf-4821-ac8b-a6341e68987b,LAB118,B.K IgM (M. Tuberculosis),B.K IgM (M. Tuberculosis),Specimen: Serum,b0514d54-d6f7-4482-b89c-4f3d504b0e96,187500,,,t,0.00,15,t,t,118,2026-03-26 10:28:02.254857+00,2026-05-07 02:49:27.89571+00,,,f,,,,USD,1440,lab,7.5,2026-03-26,30750.0000,KHR,2026-03-26 10:29:18.19353+00,KHAC
301,057dc024-9553-47cb-895d-6ac610650609,d5ac6269-d8cf-4821-ac8b-a6341e68987b,LAB119,B.K IgG (M. Tuberculosis),B.K IgG (M. Tuberculosis),Specimen: Serum,b0514d54-d6f7-4482-b89c-4f3d504b0e96,187500,,,t,0.00,15,t,t,119,2026-03-26 10:28:02.254857+00,2026-05-07 02:49:27.89571+00,,,f,,,,USD,1440,lab,7.5,2026-03-26,30750.0000,KHR,2026-03-26 10:29:18.19353+00,KHAC
302,0bc459a4-0c32-45c9-8c65-9249aff8b848,d5ac6269-d8cf-4821-ac8b-a6341e68987b,LAB120,B.K (Tuberculosis)-PCR Qualitative,B.K (Tuberculosis)-PCR Qualitative,"Specimen: Sputum, Fluid",b0514d54-d6f7-4482-b89c-4f3d504b0e96,625000,,,t,0.00,15,t,t,120,2026-03-26 10:28:02.254857+00,2026-05-07 02:49:27.89571+00,,,f,,,,USD,,lab,25.0,2026-03-26,102500.0000,KHR,2026-03-26 10:29:18.19353+00,KHAC
303,d28db1fc-9574-4d2c-8adf-a36f0db3046e,d5ac6269-d8cf-4821-ac8b-a6341e68987b,LAB121,B.K Virus Quanlitative,B.K Virus Quanlitative,Specimen: EDTA,b0514d54-d6f7-4482-b89c-4f3d504b0e96,5375000,,,t,0.00,15,t,t,121,2026-03-26 10:28:02.254857+00,2026-05-07 02:49:27.89571+00,,,f,,,,USD,,lab,215.0,2026-03-26,881500.0000,KHR,2026-03-26 10:29:18.19353+00,KHAC
304,78ad49c3-9bbb-492e-b78b-46ff7bb28a32,d5ac6269-d8cf-4821-ac8b-a6341e68987b,LAB122,"Bleeding & Clotting Time (TS, TC)","Bleeding & Clotting Time (TS, TC)",Specimen: At Laboratory,b0514d54-d6f7-4482-b89c-4f3d504b0e96,50000,,,t,0.00,15,t,t,122,2026-03-26 10:28:02.254857+00,2026-05-07 02:49:27.89571+00,,,f,,,,USD,1440,lab,2.0,2026-03-26,8200.0000,KHR,2026-03-26 10:29:18.19353+00,KHAC
305,d8d13446-3513-444a-8ac9-93082146ee3c,d5ac6269-d8cf-4821-ac8b-a6341e68987b,LAB123,Blood culture,Blood culture,Specimen: Sterile container,b0514d54-d6f7-4482-b89c-4f3d504b0e96,500000,,,t,0.00,15,t,t,123,2026-03-26 10:28:02.254857+00,2026-05-07 02:49:27.89571+00,,,f,,,,USD,,lab,20.0,2026-03-26,82000.0000,KHR,2026-03-26 10:29:18.19353+00,KHAC
306,81065c83-f055-4af2-8851-e662d0001edd,d5ac6269-d8cf-4821-ac8b-a6341e68987b,LAB124,Blood cytology (Blood morphology) (NEW),Blood cytology (Blood morphology) (NEW),Specimen: EDTA,b0514d54-d6f7-4482-b89c-4f3d504b0e96,625000,,,t,0.00,15,t,t,124,2026-03-26 10:28:02.254857+00,2026-05-07 02:49:27.89571+00,,,f,,,,USD,,lab,25.0,2026-03-26,102500.0000,KHR,2026-03-26 10:29:18.19353+00,KHAC
307,cef8ea8b-c58d-427b-bcf0-11a3c7e12798,d5ac6269-d8cf-4821-ac8b-a6341e68987b,LAB125,Blood Group (ABO+Rh),Blood Group (ABO+Rh),Specimen: EDTA,b0514d54-d6f7-4482-b89c-4f3d504b0e96,50000,,,t,0.00,15,t,t,125,2026-03-26 10:28:02.254857+00,2026-05-07 02:49:27.89571+00,,,f,,,,USD,1440,lab,2.0,2026-03-26,8200.0000,KHR,2026-03-26 10:29:18.19353+00,KHAC
308,06f1e299-c65d-4320-9824-c2b850d7e6f7,d5ac6269-d8cf-4821-ac8b-a6341e68987b,LAB126,Bone marrow examination (Myelogram) (NEW),Bone marrow examination (Myelogram) (NEW),Specimen: Bone marrow,b0514d54-d6f7-4482-b89c-4f3d504b0e96,750000,,,t,0.00,15,t,t,126,2026-03-26 10:28:02.254857+00,2026-05-07 02:49:27.89571+00,,,f,,,,USD,,lab,30.0,2026-03-26,123000.0000,KHR,2026-03-26 10:29:18.19353+00,KHAC
309,030d90ab-1bd2-4886-b84c-2cc0cdc0791c,d5ac6269-d8cf-4821-ac8b-a6341e68987b,LAB127,BRAF gene (Predicting treatment for most cancer) (NEW),BRAF gene (Predicting treatment for most cancer) (NEW),Specimen: EDTA,b0514d54-d6f7-4482-b89c-4f3d504b0e96,11250000,,,t,0.00,15,t,t,127,2026-03-26 10:28:02.254857+00,2026-05-07 02:49:27.89571+00,,,f,,,,USD,,lab,450.0,2026-03-26,1845000.0000,KHR,2026-03-26 10:29:18.19353+00,KHAC
310,cefc588e-03a6-4231-9d51-ae7964ee2d84,d5ac6269-d8cf-4821-ac8b-a6341e68987b,LAB128,BUN / Urée sanguine,BUN / Urée sanguine,Specimen: Serum,b0514d54-d6f7-4482-b89c-4f3d504b0e96,31250,,,t,0.00,15,t,t,128,2026-03-26 10:28:02.254857+00,2026-05-07 02:49:27.89571+00,,,f,,,,USD,1440,lab,1.25,2026-03-26,5125.0000,KHR,2026-03-26 10:29:18.19353+00,KHAC
311,1a35ee24-8af6-41eb-a400-e4ed0ea682d6,d5ac6269-d8cf-4821-ac8b-a6341e68987b,LAB129,C3 (Complement Component),C3 (Complement Component),Specimen: EDTA,b0514d54-d6f7-4482-b89c-4f3d504b0e96,250000,,,t,0.00,15,t,t,129,2026-03-26 10:28:02.254857+00,2026-05-07 02:49:27.89571+00,,,f,,,,USD,,lab,10.0,2026-03-26,41000.0000,KHR,2026-03-26 10:29:18.19353+00,KHAC
312,b7ab3699-5cdd-4b15-946f-582f4d9faf4a,d5ac6269-d8cf-4821-ac8b-a6341e68987b,LAB130,C4 (Complement Component),C4 (Complement Component),Specimen: EDTA,b0514d54-d6f7-4482-b89c-4f3d504b0e96,250000,,,t,0.00,15,t,t,130,2026-03-26 10:28:02.254857+00,2026-05-07 02:49:27.89571+00,,,f,,,,USD,,lab,10.0,2026-03-26,41000.0000,KHR,2026-03-26 10:29:18.19353+00,KHAC
313,84b73783-a8f5-4782-b53d-bdc46fa557b3,d5ac6269-d8cf-4821-ac8b-a6341e68987b,LAB131,CA 125,CA 125,Specimen: Serum,b0514d54-d6f7-4482-b89c-4f3d504b0e96,312500,,,t,0.00,15,t,t,131,2026-03-26 10:28:02.254857+00,2026-05-07 02:49:27.89571+00,,,f,,,,USD,1440,lab,12.5,2026-03-26,51250.0000,KHR,2026-03-26 10:29:18.19353+00,KHAC
314,8ffdc6f2-a328-47dc-9bc7-3851aaca7130,d5ac6269-d8cf-4821-ac8b-a6341e68987b,LAB132,CA 15-3,CA 15-3,Specimen: Serum,b0514d54-d6f7-4482-b89c-4f3d504b0e96,312500,,,t,0.00,15,t,t,132,2026-03-26 10:28:02.254857+00,2026-05-07 02:49:27.89571+00,,,f,,,,USD,1440,lab,12.5,2026-03-26,51250.0000,KHR,2026-03-26 10:29:18.19353+00,KHAC
315,838f494c-74f6-499d-a268-c2924eb7cc9a,d5ac6269-d8cf-4821-ac8b-a6341e68987b,LAB133,CA 19-9,CA 19-9,Specimen: Serum,b0514d54-d6f7-4482-b89c-4f3d504b0e96,312500,,,t,0.00,15,t,t,133,2026-03-26 10:28:02.254857+00,2026-05-07 02:49:27.89571+00,,,f,,,,USD,1440,lab,12.5,2026-03-26,51250.0000,KHR,2026-03-26 10:29:18.19353+00,KHAC
316,52e4d1e0-246b-4827-aca1-7bbbc1f0e91e,d5ac6269-d8cf-4821-ac8b-a6341e68987b,LAB134,CA 72-4,CA 72-4,Specimen: Serum,b0514d54-d6f7-4482-b89c-4f3d504b0e96,500000,,,t,0.00,15,t,t,134,2026-03-26 10:28:02.254857+00,2026-05-07 02:49:27.89571+00,,,f,,,,USD,1440,lab,20.0,2026-03-26,82000.0000,KHR,2026-03-26 10:29:18.19353+00,KHAC
317,dd86f899-dc11-4e5b-a349-061495108b9e,d5ac6269-d8cf-4821-ac8b-a6341e68987b,LAB135,Calcium,Calcium,Specimen: Serum,b0514d54-d6f7-4482-b89c-4f3d504b0e96,25000,,,t,0.00,15,t,t,135,2026-03-26 10:28:02.254857+00,2026-05-07 02:49:27.89571+00,,,f,,,,USD,1440,lab,1.0,2026-03-26,4100.0000,KHR,2026-03-26 10:29:18.19353+00,KHAC
318,061b2ecf-f755-4649-a9de-520bd035c58a,d5ac6269-d8cf-4821-ac8b-a6341e68987b,LAB136,Calcium,Calcium,Specimen: Urine,b0514d54-d6f7-4482-b89c-4f3d504b0e96,50000,,,t,0.00,15,t,t,136,2026-03-26 10:28:02.254857+00,2026-05-07 02:49:27.89571+00,,,f,,,,USD,1440,lab,2.0,2026-03-26,8200.0000,KHR,2026-03-26 10:29:18.19353+00,KHAC
319,a5aeee92-dfc7-4459-b9fc-f511f2ae03cb,d5ac6269-d8cf-4821-ac8b-a6341e68987b,LAB137,Calcitonin (Thyrocalcitonin),Calcitonin (Thyrocalcitonin),Specimen: Serum,b0514d54-d6f7-4482-b89c-4f3d504b0e96,375000,,,t,0.00,15,t,t,137,2026-03-26 10:28:02.254857+00,2026-05-07 02:49:27.89571+00,,,f,,,,USD,,lab,15.0,2026-03-26,61500.0000,KHR,2026-03-26 10:29:18.19353+00,KHAC
320,24182722-35b8-4fb7-87ae-661bc701cad6,d5ac6269-d8cf-4821-ac8b-a6341e68987b,LAB138,Candida IgG,Candida IgG,Specimen: Serum,b0514d54-d6f7-4482-b89c-4f3d504b0e96,375000,,,t,0.00,15,t,t,138,2026-03-26 10:28:02.254857+00,2026-05-07 02:49:27.89571+00,,,f,,,,USD,,lab,15.0,2026-03-26,61500.0000,KHR,2026-03-26 10:29:18.19353+00,KHAC
321,7facfb75-448e-42f5-89a4-e2dadb4d24f1,d5ac6269-d8cf-4821-ac8b-a6341e68987b,LAB139,Candida IgM,Candida IgM,Specimen: Serum,b0514d54-d6f7-4482-b89c-4f3d504b0e96,375000,,,t,0.00,15,t,t,139,2026-03-26 10:28:02.254857+00,2026-05-07 02:49:27.89571+00,,,f,,,,USD,,lab,15.0,2026-03-26,61500.0000,KHR,2026-03-26 10:29:18.19353+00,KHAC
322,b0540fc8-46b7-4095-9208-065db5cbcf6a,d5ac6269-d8cf-4821-ac8b-a6341e68987b,LAB140,Cardiolipin IgG (Anti Cardiolipin),Cardiolipin IgG (Anti Cardiolipin),Specimen: Serum,b0514d54-d6f7-4482-b89c-4f3d504b0e96,375000,,,t,0.00,15,t,t,140,2026-03-26 10:28:02.254857+00,2026-05-07 02:49:27.89571+00,,,f,,,,USD,,lab,15.0,2026-03-26,61500.0000,KHR,2026-03-26 10:29:18.19353+00,KHAC
323,f90b15a4-6f11-4801-80cb-10aa1f514192,d5ac6269-d8cf-4821-ac8b-a6341e68987b,LAB141,Cardiolipin IgM (Anti Cardiolipin),Cardiolipin IgM (Anti Cardiolipin),Specimen: Serum,b0514d54-d6f7-4482-b89c-4f3d504b0e96,375000,,,t,0.00,15,t,t,141,2026-03-26 10:28:02.254857+00,2026-05-07 02:49:27.89571+00,,,f,,,,USD,,lab,15.0,2026-03-26,61500.0000,KHR,2026-03-26 10:29:18.19353+00,KHAC
324,b4452247-5981-4554-b67a-06881cc6d81c,d5ac6269-d8cf-4821-ac8b-a6341e68987b,TFC007,CYFRA 21-1,CYFRA 21-1,,c8275c65-b864-4449-9188-0583197e7803,0,,,t,0.00,30,t,t,115,2026-03-26 09:50:22.028926+00,2026-05-07 02:49:27.89571+00,,,f,,,,USD,,lab,20.0,2026-03-26,,,,KHAC
325,06ee428c-8e04-4997-a98a-cb56b6cbb54d,d5ac6269-d8cf-4821-ac8b-a6341e68987b,LAB142,Catecholamines (Adrenalin+Noradrenaline+Dopamine),Catecholamines (Adrenalin+Noradrenaline+Dopamine),Specimen: EDTA,b0514d54-d6f7-4482-b89c-4f3d504b0e96,1500000,,,t,0.00,15,t,t,142,2026-03-26 10:28:02.254857+00,2026-05-07 02:49:27.89571+00,,,f,,,,USD,,lab,60.0,2026-03-26,246000.0000,KHR,2026-03-26 10:29:18.19353+00,KHAC
326,5b091063-2d94-4ece-a08d-53a667724381,d5ac6269-d8cf-4821-ac8b-a6341e68987b,LAB143,CBC/Hg,CBC/Hg,Specimen: EDTA,b0514d54-d6f7-4482-b89c-4f3d504b0e96,50000,,,t,0.00,15,t,t,143,2026-03-26 10:28:02.254857+00,2026-05-07 02:49:27.89571+00,,,f,,,,USD,1440,lab,2.0,2026-03-26,8200.0000,KHR,2026-03-26 10:29:18.19353+00,KHAC
327,ae415789-d263-4e35-a388-8130a619d51e,d5ac6269-d8cf-4821-ac8b-a6341e68987b,LAB144,CD4,CD4,Specimen: EDTA,b0514d54-d6f7-4482-b89c-4f3d504b0e96,625000,,,t,0.00,15,t,t,144,2026-03-26 10:28:02.254857+00,2026-05-07 02:49:27.89571+00,,,f,,,,USD,,lab,25.0,2026-03-26,102500.0000,KHR,2026-03-26 10:29:18.19353+00,KHAC
328,ff5edddf-3dd6-4d96-a0d7-b98ce93977dc,d5ac6269-d8cf-4821-ac8b-a6341e68987b,LAB145,CEA (Carcino Embryonic Antigen),CEA (Carcino Embryonic Antigen),Specimen: Serum,b0514d54-d6f7-4482-b89c-4f3d504b0e96,250000,,,t,0.00,15,t,t,145,2026-03-26 10:28:02.254857+00,2026-05-07 02:49:27.89571+00,,,f,,,,USD,1440,lab,10.0,2026-03-26,41000.0000,KHR,2026-03-26 10:29:18.19353+00,KHAC
329,fad3c185-1942-4077-bfe3-dcf583484cb3,d5ac6269-d8cf-4821-ac8b-a6341e68987b,LAB146,Ceruloplasmine,Ceruloplasmine,Specimen: Serum,b0514d54-d6f7-4482-b89c-4f3d504b0e96,250000,,,t,0.00,15,t,t,146,2026-03-26 10:28:02.254857+00,2026-05-07 02:49:27.89571+00,,,f,,,,USD,,lab,10.0,2026-03-26,41000.0000,KHR,2026-03-26 10:29:18.19353+00,KHAC
330,a02136f5-2515-4f58-9d21-7dee289aec49,d5ac6269-d8cf-4821-ac8b-a6341e68987b,LAB147,Ceton (Keton) (Aceton),Ceton (Keton) (Aceton),Specimen: Serum,b0514d54-d6f7-4482-b89c-4f3d504b0e96,125000,,,t,0.00,15,t,t,147,2026-03-26 10:28:02.254857+00,2026-05-07 02:49:27.89571+00,,,f,,,,USD,,lab,5.0,2026-03-26,20500.0000,KHR,2026-03-26 10:29:18.19353+00,KHAC
331,226c58d7-99df-4bbf-a5d2-de900a71da92,d5ac6269-d8cf-4821-ac8b-a6341e68987b,LAB148,Chlamydia pneumoniae IgG,Chlamydia pneumoniae IgG,Specimen: Serum,b0514d54-d6f7-4482-b89c-4f3d504b0e96,375000,,,t,0.00,15,t,t,148,2026-03-26 10:28:02.254857+00,2026-05-07 02:49:27.89571+00,,,f,,,,USD,,lab,15.0,2026-03-26,61500.0000,KHR,2026-03-26 10:29:18.19353+00,KHAC
332,edd2cf67-d940-4375-a9b9-9e36bb4123a9,d5ac6269-d8cf-4821-ac8b-a6341e68987b,LAB149,Chlamydia pneumoniae IgM,Chlamydia pneumoniae IgM,Specimen: Serum,b0514d54-d6f7-4482-b89c-4f3d504b0e96,375000,,,t,0.00,15,t,t,149,2026-03-26 10:28:02.254857+00,2026-05-07 02:49:27.89571+00,,,f,,,,USD,,lab,15.0,2026-03-26,61500.0000,KHR,2026-03-26 10:29:18.19353+00,KHAC
333,a06bba89-4ac1-4328-9407-bc987e551332,d5ac6269-d8cf-4821-ac8b-a6341e68987b,LAB150,Chlamydia trachomatis IgG,Chlamydia trachomatis IgG,Specimen: Serum,b0514d54-d6f7-4482-b89c-4f3d504b0e96,625000,,,t,0.00,15,t,t,150,2026-03-26 10:28:02.254857+00,2026-05-07 02:49:27.89571+00,,,f,,,,USD,,lab,25.0,2026-03-26,102500.0000,KHR,2026-03-26 10:29:18.19353+00,KHAC
334,b7fb3bbc-9248-49fc-bdd3-be40bab62a48,d5ac6269-d8cf-4821-ac8b-a6341e68987b,LAB151,Chlamydia trachomatis IgM,Chlamydia trachomatis IgM,Specimen: Serum,b0514d54-d6f7-4482-b89c-4f3d504b0e96,625000,,,t,0.00,15,t,t,151,2026-03-26 10:28:02.254857+00,2026-05-07 02:49:27.89571+00,,,f,,,,USD,,lab,25.0,2026-03-26,102500.0000,KHR,2026-03-26 10:29:18.19353+00,KHAC
335,8c285629-3918-4ac9-a185-b7e84e0655da,d5ac6269-d8cf-4821-ac8b-a6341e68987b,LAB152,Chlamydia trachomatis and Neisseria Gonorrhoeae DNA,Chlamydia trachomatis and Neisseria Gonorrhoeae DNA,Specimen: Urine or Cervical swabs,b0514d54-d6f7-4482-b89c-4f3d504b0e96,625000,,,t,0.00,15,t,t,152,2026-03-26 10:28:02.254857+00,2026-05-07 02:49:27.89571+00,,,f,,,,USD,,lab,25.0,2026-03-26,102500.0000,KHR,2026-03-26 10:29:18.19353+00,KHAC
336,c7e2a726-219d-47f5-947a-01556dd7dece,d5ac6269-d8cf-4821-ac8b-a6341e68987b,LAB153,"ChIoride (Cl-, K+,Na+)","ChIoride (Cl-, K+,Na+)",Specimen: Serum,b0514d54-d6f7-4482-b89c-4f3d504b0e96,62500,,,t,0.00,15,t,t,153,2026-03-26 10:28:02.254857+00,2026-05-07 02:49:27.89571+00,,,f,,,,USD,1440,lab,2.5,2026-03-26,10250.0000,KHR,2026-03-26 10:29:18.19353+00,KHAC
337,98754beb-814f-4081-a064-fe7e7e854fe0,d5ac6269-d8cf-4821-ac8b-a6341e68987b,LAB154,"ChIoride (Cl-, K+,Na+)","ChIoride (Cl-, K+,Na+)",Specimen: Urine,b0514d54-d6f7-4482-b89c-4f3d504b0e96,125000,,,t,0.00,15,t,t,154,2026-03-26 10:28:02.254857+00,2026-05-07 02:49:27.89571+00,,,f,,,,USD,1440,lab,5.0,2026-03-26,20500.0000,KHR,2026-03-26 10:29:18.19353+00,KHAC
338,64952396-b06d-4dc4-bb89-0fa5073ee2bf,d5ac6269-d8cf-4821-ac8b-a6341e68987b,LAB155,"Cholesterol, Total","Cholesterol, Total",Specimen: Serum,b0514d54-d6f7-4482-b89c-4f3d504b0e96,25000,,,t,0.00,15,t,t,155,2026-03-26 10:28:02.254857+00,2026-05-07 02:49:27.89571+00,,,f,,,,USD,1440,lab,1.0,2026-03-26,4100.0000,KHR,2026-03-26 10:29:18.19353+00,KHAC
339,837717af-6be5-403c-81f2-cf5292f3069c,d5ac6269-d8cf-4821-ac8b-a6341e68987b,LAB156,"Cholesterol, HDL","Cholesterol, HDL",Specimen: Serum,b0514d54-d6f7-4482-b89c-4f3d504b0e96,50000,,,t,0.00,15,t,t,156,2026-03-26 10:28:02.254857+00,2026-05-07 02:49:27.89571+00,,,f,,,,USD,1440,lab,2.0,2026-03-26,8200.0000,KHR,2026-03-26 10:29:18.19353+00,KHAC
340,f39e4975-52e1-4529-85dc-f666dc3bc0ed,d5ac6269-d8cf-4821-ac8b-a6341e68987b,LAB157,"Cholesterol, LDL","Cholesterol, LDL",Specimen: Serum,b0514d54-d6f7-4482-b89c-4f3d504b0e96,50000,,,t,0.00,15,t,t,157,2026-03-26 10:28:02.254857+00,2026-05-07 02:49:27.89571+00,,,f,,,,USD,1440,lab,2.0,2026-03-26,8200.0000,KHR,2026-03-26 10:29:18.19353+00,KHAC
341,42afe3fa-4306-46e9-b1fd-434a1ac0ee04,d5ac6269-d8cf-4821-ac8b-a6341e68987b,LAB158,Cholinesterase (Acetyl Cholinesterase),Cholinesterase (Acetyl Cholinesterase),Specimen: Serum,b0514d54-d6f7-4482-b89c-4f3d504b0e96,250000,,,t,0.00,15,t,t,158,2026-03-26 10:28:02.254857+00,2026-05-07 02:49:27.89571+00,,,f,,,,USD,,lab,10.0,2026-03-26,41000.0000,KHR,2026-03-26 10:29:18.19353+00,KHAC
342,04cd5929-cd04-4325-aec5-1622de6cda9c,d5ac6269-d8cf-4821-ac8b-a6341e68987b,LAB159,Chromosome abnormalities:,Chromosome abnormalities:,,b0514d54-d6f7-4482-b89c-4f3d504b0e96,11250000,,,t,0.00,15,t,t,159,2026-03-26 10:28:02.254857+00,2026-05-07 02:49:27.89571+00,,,f,,,,USD,,lab,450.0,2026-03-26,1845000.0000,KHR,2026-03-26 10:29:18.19353+00,KHAC
343,dfa01d23-9633-4ad8-bc87-4bf6c9fd74f8,d5ac6269-d8cf-4821-ac8b-a6341e68987b,LAB160,Clonorchis sinensis IgG,Clonorchis sinensis IgG,Specimen: Serum,b0514d54-d6f7-4482-b89c-4f3d504b0e96,375000,,,t,0.00,15,t,t,160,2026-03-26 10:28:02.254857+00,2026-05-07 02:49:27.89571+00,,,f,,,,USD,,lab,15.0,2026-03-26,61500.0000,KHR,2026-03-26 10:29:18.19353+00,KHAC
344,5b65bd2f-1a40-457f-a1d8-62197b16d3a0,d5ac6269-d8cf-4821-ac8b-a6341e68987b,LAB161,Clonorchis sinensis IgM,Clonorchis sinensis IgM,Specimen: Serum,b0514d54-d6f7-4482-b89c-4f3d504b0e96,375000,,,t,0.00,15,t,t,161,2026-03-26 10:28:02.254857+00,2026-05-07 02:49:27.89571+00,,,f,,,,USD,,lab,15.0,2026-03-26,61500.0000,KHR,2026-03-26 10:29:18.19353+00,KHAC
345,8b7743de-161c-486f-a57a-85fe2ffeda8f,d5ac6269-d8cf-4821-ac8b-a6341e68987b,LAB162,Comp Test Direct (Direct Antiglobulin),Comp Test Direct (Direct Antiglobulin),Specimen: EDTA,b0514d54-d6f7-4482-b89c-4f3d504b0e96,200000,,,t,0.00,15,t,t,162,2026-03-26 10:28:02.254857+00,2026-05-07 02:49:27.89571+00,,,f,,,,USD,1440,lab,8.0,2026-03-26,32800.0000,KHR,2026-03-26 10:29:18.19353+00,KHAC
346,6ce81d11-a1c3-46e9-bf75-612c40c99de3,d5ac6269-d8cf-4821-ac8b-a6341e68987b,LAB163,Copper (Cu),Copper (Cu),Specimen: Serum,b0514d54-d6f7-4482-b89c-4f3d504b0e96,375000,,,t,0.00,15,t,t,163,2026-03-26 10:28:02.254857+00,2026-05-07 02:49:27.89571+00,,,f,,,,USD,,lab,15.0,2026-03-26,61500.0000,KHR,2026-03-26 10:29:18.19353+00,KHAC
347,3c03f57d-4187-4636-85c9-29afc6ae0a8d,d5ac6269-d8cf-4821-ac8b-a6341e68987b,LAB164,Cortisol (8h AM),Cortisol (8h AM),Specimen: Serum,b0514d54-d6f7-4482-b89c-4f3d504b0e96,187500,,,t,0.00,15,t,t,164,2026-03-26 10:28:02.254857+00,2026-05-07 02:49:27.89571+00,,,f,,,,USD,1440,lab,7.5,2026-03-26,30750.0000,KHR,2026-03-26 10:29:18.19353+00,KHAC
348,e21f4904-6ae5-4050-8d2c-36c62099313e,d5ac6269-d8cf-4821-ac8b-a6341e68987b,LAB165,C-peptide,C-peptide,Specimen: Serum,b0514d54-d6f7-4482-b89c-4f3d504b0e96,375000,,,t,0.00,15,t,t,165,2026-03-26 10:28:02.254857+00,2026-05-07 02:49:27.89571+00,,,f,,,,USD,,lab,15.0,2026-03-26,61500.0000,KHR,2026-03-26 10:29:18.19353+00,KHAC
349,c754c990-161a-4592-822f-02c7882eaa12,d5ac6269-d8cf-4821-ac8b-a6341e68987b,LAB166,CPK,CPK,Specimen: Serum,b0514d54-d6f7-4482-b89c-4f3d504b0e96,50000,,,t,0.00,15,t,t,166,2026-03-26 10:28:02.254857+00,2026-05-07 02:49:27.89571+00,,,f,,,,USD,1440,lab,2.0,2026-03-26,8200.0000,KHR,2026-03-26 10:29:18.19353+00,KHAC
350,8f395f5d-8104-4557-babd-e577c2b40eeb,d5ac6269-d8cf-4821-ac8b-a6341e68987b,LAB167,CPK–MB,CPK–MB,Specimen: Serum,b0514d54-d6f7-4482-b89c-4f3d504b0e96,187500,,,t,0.00,15,t,t,167,2026-03-26 10:28:02.254857+00,2026-05-07 02:49:27.89571+00,,,f,,,,USD,1440,lab,7.5,2026-03-26,30750.0000,KHR,2026-03-26 10:29:18.19353+00,KHAC
351,b5f6a456-06ff-467f-8ca9-1f2f643400fb,d5ac6269-d8cf-4821-ac8b-a6341e68987b,LAB168,Creatinine,Creatinine,Specimen: Serum,b0514d54-d6f7-4482-b89c-4f3d504b0e96,31250,,,t,0.00,15,t,t,168,2026-03-26 10:28:02.254857+00,2026-05-07 02:49:27.89571+00,,,f,,,,USD,1440,lab,1.25,2026-03-26,5125.0000,KHR,2026-03-26 10:29:18.19353+00,KHAC
352,5c73c176-11d0-4451-9c01-6c5ddbe09fd3,d5ac6269-d8cf-4821-ac8b-a6341e68987b,LAB169,Creatinine,Creatinine,Specimen: Urine,b0514d54-d6f7-4482-b89c-4f3d504b0e96,62500,,,t,0.00,15,t,t,169,2026-03-26 10:28:02.254857+00,2026-05-07 02:49:27.89571+00,,,f,,,,USD,1440,lab,2.5,2026-03-26,10250.0000,KHR,2026-03-26 10:29:18.19353+00,KHAC
353,e6c2a091-d02b-42cd-904d-e9df54e32f38,d5ac6269-d8cf-4821-ac8b-a6341e68987b,LAB170,Creatinine Clearance (Cockroft & Gault Formula),Creatinine Clearance (Cockroft & Gault Formula),Specimen: Serum,b0514d54-d6f7-4482-b89c-4f3d504b0e96,62500,,,t,0.00,15,t,t,170,2026-03-26 10:28:02.254857+00,2026-05-07 02:49:27.89571+00,,,f,,,,USD,1440,lab,2.5,2026-03-26,10250.0000,KHR,2026-03-26 10:29:18.19353+00,KHAC
354,b90c3fb1-ccf3-4aca-b6ff-fd577e7b093b,d5ac6269-d8cf-4821-ac8b-a6341e68987b,LAB171,C-Reactive Protein hs (hs CRP) (Quantitative),C-Reactive Protein hs (hs CRP) (Quantitative),Specimen: Serum,b0514d54-d6f7-4482-b89c-4f3d504b0e96,62500,,,t,0.00,15,t,t,171,2026-03-26 10:28:02.254857+00,2026-05-07 02:49:27.89571+00,,,f,,,,USD,1440,lab,2.5,2026-03-26,10250.0000,KHR,2026-03-26 10:29:18.19353+00,KHAC
355,d3ba13eb-3e21-4248-99cc-7147b27357d7,d5ac6269-d8cf-4821-ac8b-a6341e68987b,LAB172,Cross-Match test (Patient and Doner),Cross-Match test (Patient and Doner),Specimen: EDTA,b0514d54-d6f7-4482-b89c-4f3d504b0e96,250000,,,t,0.00,15,t,t,172,2026-03-26 10:28:02.254857+00,2026-05-07 02:49:27.89571+00,,,f,,,,USD,2880,lab,10.0,2026-03-26,41000.0000,KHR,2026-03-26 10:29:18.19353+00,KHAC
356,d50b8b71-6300-4ad5-a5f0-441529d22ab7,d5ac6269-d8cf-4821-ac8b-a6341e68987b,LAB173,CSF / LCR (Culture),CSF / LCR (Culture),Specimen: Sterile container,b0514d54-d6f7-4482-b89c-4f3d504b0e96,500000,,,t,0.00,15,t,t,173,2026-03-26 10:28:02.254857+00,2026-05-07 02:49:27.89571+00,,,f,,,,USD,,lab,20.0,2026-03-26,82000.0000,KHR,2026-03-26 10:29:18.19353+00,KHAC
357,3f637f1a-3d3e-47f8-8832-6f73a5b7c43c,d5ac6269-d8cf-4821-ac8b-a6341e68987b,LAB174,CSF (Cytology),CSF (Cytology),Specimen: CSF,b0514d54-d6f7-4482-b89c-4f3d504b0e96,62500,,,t,0.00,15,t,t,174,2026-03-26 10:28:02.254857+00,2026-05-07 02:49:27.89571+00,,,f,,,,USD,1440,lab,2.5,2026-03-26,10250.0000,KHR,2026-03-26 10:29:18.19353+00,KHAC
358,f3964f17-ea26-4805-8328-b25e9bb74ef8,d5ac6269-d8cf-4821-ac8b-a6341e68987b,LAB175,CSF (Glucose),CSF (Glucose),Specimen: CSF,b0514d54-d6f7-4482-b89c-4f3d504b0e96,31250,,,t,0.00,15,t,t,175,2026-03-26 10:28:02.254857+00,2026-05-07 02:49:27.89571+00,,,f,,,,USD,1440,lab,1.25,2026-03-26,5125.0000,KHR,2026-03-26 10:29:18.19353+00,KHAC
359,f1d1b1fd-be54-40c1-8c03-e7232acc7ef1,d5ac6269-d8cf-4821-ac8b-a6341e68987b,LAB176,CSF (Protein),CSF (Protein),Specimen: CSF,b0514d54-d6f7-4482-b89c-4f3d504b0e96,31250,,,t,0.00,15,t,t,176,2026-03-26 10:28:02.254857+00,2026-05-07 02:49:27.89571+00,,,f,,,,USD,1440,lab,1.25,2026-03-26,5125.0000,KHR,2026-03-26 10:29:18.19353+00,KHAC
360,6fbca541-8f9a-44b3-955d-35bae48708ac,d5ac6269-d8cf-4821-ac8b-a6341e68987b,LAB177,Cyclosporine,Cyclosporine,Specimen: EDTA,b0514d54-d6f7-4482-b89c-4f3d504b0e96,750000,,,t,0.00,15,t,t,177,2026-03-26 10:28:02.254857+00,2026-05-07 02:49:27.89571+00,,,f,,,,USD,1440,lab,30.0,2026-03-26,123000.0000,KHR,2026-03-26 10:29:18.19353+00,KHAC
361,70c30535-12c2-47bf-96e2-79af3af6c32d,d5ac6269-d8cf-4821-ac8b-a6341e68987b,LAB178,CYFRA 21-1,CYFRA 21-1,Specimen: Serum,b0514d54-d6f7-4482-b89c-4f3d504b0e96,500000,,,t,0.00,15,t,t,178,2026-03-26 10:28:02.254857+00,2026-05-07 02:49:27.89571+00,,,f,,,,USD,1440,lab,20.0,2026-03-26,82000.0000,KHR,2026-03-26 10:29:18.19353+00,KHAC
362,c6ea4df2-483c-4c8e-ab12-ba52dbd51d50,d5ac6269-d8cf-4821-ac8b-a6341e68987b,LAB179,Cysticercosis IgG (Taenia Sodium),Cysticercosis IgG (Taenia Sodium),Specimen: Serum,b0514d54-d6f7-4482-b89c-4f3d504b0e96,250000,,,t,0.00,15,t,t,179,2026-03-26 10:28:02.254857+00,2026-05-07 02:49:27.89571+00,,,f,,,,USD,,lab,10.0,2026-03-26,41000.0000,KHR,2026-03-26 10:29:18.19353+00,KHAC
363,0f0fa7cb-5832-4539-8de0-f4d43c9c2971,d5ac6269-d8cf-4821-ac8b-a6341e68987b,LAB180,Cysticercose IgM (Taenia Sodium),Cysticercose IgM (Taenia Sodium),Specimen: Serum,b0514d54-d6f7-4482-b89c-4f3d504b0e96,250000,,,t,0.00,15,t,t,180,2026-03-26 10:28:02.254857+00,2026-05-07 02:49:27.89571+00,,,f,,,,USD,,lab,10.0,2026-03-26,41000.0000,KHR,2026-03-26 10:29:18.19353+00,KHAC
364,9c8ce2a3-9d53-49bb-99de-234783c422b3,d5ac6269-d8cf-4821-ac8b-a6341e68987b,LAB181,Cytomegalovirus (CMV) IgG,Cytomegalovirus (CMV) IgG,Specimen: Serum,b0514d54-d6f7-4482-b89c-4f3d504b0e96,312500,,,t,0.00,15,t,t,181,2026-03-26 10:28:02.254857+00,2026-05-07 02:49:27.89571+00,,,f,,,,USD,,lab,12.5,2026-03-26,51250.0000,KHR,2026-03-26 10:29:18.19353+00,KHAC
365,62c77243-2246-41ba-b294-8a646ac0dd2c,d5ac6269-d8cf-4821-ac8b-a6341e68987b,LAB182,Cytomegalovirus (CMV) IgM,Cytomegalovirus (CMV) IgM,Specimen: Serum,b0514d54-d6f7-4482-b89c-4f3d504b0e96,312500,,,t,0.00,15,t,t,182,2026-03-26 10:28:02.254857+00,2026-05-07 02:49:27.89571+00,,,f,,,,USD,,lab,12.5,2026-03-26,51250.0000,KHR,2026-03-26 10:29:18.19353+00,KHAC
366,e1ab778a-ec1b-4efe-9868-d1fa8253a0d8,d5ac6269-d8cf-4821-ac8b-a6341e68987b,LAB183,CYP2C19* 2 genotype,CYP2C19* 2 genotype,Specimen: EDTA,b0514d54-d6f7-4482-b89c-4f3d504b0e96,1550000,,,t,0.00,15,t,t,183,2026-03-26 10:28:02.254857+00,2026-05-07 02:49:27.89571+00,,,f,,,,USD,,lab,62.0,2026-03-26,254200.0000,KHR,2026-03-26 10:29:18.19353+00,KHAC
367,2a3b3d99-ac64-4db0-9c2e-370a4ddb935d,d5ac6269-d8cf-4821-ac8b-a6341e68987b,LAB184,CYP2C19* 2* 3 genotype,CYP2C19* 2* 3 genotype,Specimen: EDTA,b0514d54-d6f7-4482-b89c-4f3d504b0e96,1750000,,,t,0.00,15,t,t,184,2026-03-26 10:28:02.254857+00,2026-05-07 02:49:27.89571+00,,,f,,,,USD,,lab,70.0,2026-03-26,287000.0000,KHR,2026-03-26 10:29:18.19353+00,KHAC
368,89b52877-c354-4c40-9ddf-5cb8a9c4ad2d,d5ac6269-d8cf-4821-ac8b-a6341e68987b,LAB185,Cystatin C,Cystatin C,Specimen: Serum,b0514d54-d6f7-4482-b89c-4f3d504b0e96,375000,,,t,0.00,15,t,t,185,2026-03-26 10:28:02.254857+00,2026-05-07 02:49:27.89571+00,,,f,,,,USD,,lab,15.0,2026-03-26,61500.0000,KHR,2026-03-26 10:29:18.19353+00,KHAC
369,62fe60ba-9ccf-4470-9bd6-6ed98f388672,d5ac6269-d8cf-4821-ac8b-a6341e68987b,LAB186,DCP (PIVKA II) (NEW),DCP (PIVKA II) (NEW),Specimen: Serum,b0514d54-d6f7-4482-b89c-4f3d504b0e96,1550000,,,t,0.00,15,t,t,186,2026-03-26 10:28:02.254857+00,2026-05-07 02:49:27.89571+00,,,f,,,,USD,,lab,62.0,2026-03-26,254200.0000,KHR,2026-03-26 10:29:18.19353+00,KHAC
370,858d55ce-889f-42f9-a70b-b3cd3f08d2a7,d5ac6269-d8cf-4821-ac8b-a6341e68987b,LAB187,D.Dimer,D.Dimer,Specimen: 3.8% Sodium Citrate Plasma,b0514d54-d6f7-4482-b89c-4f3d504b0e96,625000,,,t,0.00,15,t,t,187,2026-03-26 10:28:02.254857+00,2026-05-07 02:49:27.89571+00,,,f,,,,USD,1440,lab,25.0,2026-03-26,102500.0000,KHR,2026-03-26 10:29:18.19353+00,KHAC
371,0e01fa3c-4afd-453c-b7fc-2206c816db7a,d5ac6269-d8cf-4821-ac8b-a6341e68987b,LAB188,Dengue Fever IgM,Dengue Fever IgM,Specimen: Serum,b0514d54-d6f7-4482-b89c-4f3d504b0e96,150000,,,t,0.00,15,t,t,188,2026-03-26 10:28:02.254857+00,2026-05-07 02:49:27.89571+00,,,f,,,,USD,1440,lab,6.0,2026-03-26,24600.0000,KHR,2026-03-26 10:29:18.19353+00,KHAC
372,bb6965b7-fd30-42a0-89c6-807c277962d4,d5ac6269-d8cf-4821-ac8b-a6341e68987b,LAB189,Dengue Fever IgG,Dengue Fever IgG,Specimen: Serum,b0514d54-d6f7-4482-b89c-4f3d504b0e96,150000,,,t,0.00,15,t,t,189,2026-03-26 10:28:02.254857+00,2026-05-07 02:49:27.89571+00,,,f,,,,USD,1440,lab,6.0,2026-03-26,24600.0000,KHR,2026-03-26 10:29:18.19353+00,KHAC
373,1724dfd9-d993-4e33-966f-6b5bac8ea6c0,d5ac6269-d8cf-4821-ac8b-a6341e68987b,LAB190,Dengue NS1 Ag,Dengue NS1 Ag,Specimen: Serum,b0514d54-d6f7-4482-b89c-4f3d504b0e96,375000,,,t,0.00,15,t,t,190,2026-03-26 10:28:02.254857+00,2026-05-07 02:49:27.89571+00,,,f,,,,USD,1440,lab,15.0,2026-03-26,61500.0000,KHR,2026-03-26 10:29:18.19353+00,KHAC
374,e4cbec26-1f92-48f2-b73c-a11aad5eb74c,d5ac6269-d8cf-4821-ac8b-a6341e68987b,LAB191,DHEA.SO4 (Dehydro Epi Androsterone),DHEA.SO4 (Dehydro Epi Androsterone),Specimen: Serum,b0514d54-d6f7-4482-b89c-4f3d504b0e96,375000,,,t,0.00,15,t,t,191,2026-03-26 10:28:02.254857+00,2026-05-07 02:49:27.89571+00,,,f,,,,USD,,lab,15.0,2026-03-26,61500.0000,KHR,2026-03-26 10:29:18.19353+00,KHAC
375,920c88d7-dc06-47ee-8249-8a724ca9dd08,d5ac6269-d8cf-4821-ac8b-a6341e68987b,LAB192,Direct Antiglobulin (Comp Test Direct),Direct Antiglobulin (Comp Test Direct),Specimen: EDTA,b0514d54-d6f7-4482-b89c-4f3d504b0e96,200000,,,t,0.00,15,t,t,192,2026-03-26 10:28:02.254857+00,2026-05-07 02:49:27.89571+00,,,f,,,,USD,1440,lab,8.0,2026-03-26,32800.0000,KHR,2026-03-26 10:29:18.19353+00,KHAC
376,a524d65a-2075-453a-9ffe-a764c244700c,d5ac6269-d8cf-4821-ac8b-a6341e68987b,LAB193,Digoxin,Digoxin,Specimen: Serum,b0514d54-d6f7-4482-b89c-4f3d504b0e96,375000,,,t,0.00,15,t,t,193,2026-03-26 10:28:02.254857+00,2026-05-07 02:49:27.89571+00,,,f,,,,USD,,lab,15.0,2026-03-26,61500.0000,KHR,2026-03-26 10:29:18.19353+00,KHAC
377,c3383dc9-f9c0-4fd7-8d05-0e3a39f38466,d5ac6269-d8cf-4821-ac8b-a6341e68987b,LAB194,DNA test for paternity identification (NEW),DNA test for paternity identification (NEW),"Specimen: Whole blood, Root hairs",b0514d54-d6f7-4482-b89c-4f3d504b0e96,8750000,,,t,0.00,15,t,t,194,2026-03-26 10:28:02.254857+00,2026-05-07 02:49:27.89571+00,,,f,,,,USD,,lab,350.0,2026-03-26,1435000.0000,KHR,2026-03-26 10:29:18.19353+00,KHAC
378,4a79f273-d6b3-47e5-bcb0-5f161a5a1e86,d5ac6269-d8cf-4821-ac8b-a6341e68987b,LAB195,Dopamine (NEW),Dopamine (NEW),Specimen: EDTA,b0514d54-d6f7-4482-b89c-4f3d504b0e96,1550000,,,t,0.00,15,t,t,195,2026-03-26 10:28:02.254857+00,2026-05-07 02:49:27.89571+00,,,f,,,,USD,,lab,62.0,2026-03-26,254200.0000,KHR,2026-03-26 10:29:18.19353+00,KHAC
379,ae9cbb2d-2f9c-443a-8e28-d658a4ebf79a,d5ac6269-d8cf-4821-ac8b-a6341e68987b,LAB196,Echinococcus IgG (Hydatid IgG),Echinococcus IgG (Hydatid IgG),Specimen: Serum,b0514d54-d6f7-4482-b89c-4f3d504b0e96,250000,,,t,0.00,15,t,t,196,2026-03-26 10:28:02.254857+00,2026-05-07 02:49:27.89571+00,,,f,,,,USD,,lab,10.0,2026-03-26,41000.0000,KHR,2026-03-26 10:29:18.19353+00,KHAC
380,67c16a16-4caf-46b1-addd-f3e09e929e26,d5ac6269-d8cf-4821-ac8b-a6341e68987b,LAB197,Echinococcus IgM (Hydatid IgM),Echinococcus IgM (Hydatid IgM),Specimen: Serum,b0514d54-d6f7-4482-b89c-4f3d504b0e96,250000,,,t,0.00,15,t,t,197,2026-03-26 10:28:02.254857+00,2026-05-07 02:49:27.89571+00,,,f,,,,USD,,lab,10.0,2026-03-26,41000.0000,KHR,2026-03-26 10:29:18.19353+00,KHAC
381,c8f30441-27b8-4602-acea-8705ac639c97,d5ac6269-d8cf-4821-ac8b-a6341e68987b,LAB198,eGFR (estimated Glomerular Filtration Rate),eGFR (estimated Glomerular Filtration Rate),Specimen: Serum,b0514d54-d6f7-4482-b89c-4f3d504b0e96,62500,,,t,0.00,15,t,t,198,2026-03-26 10:28:02.254857+00,2026-05-07 02:49:27.89571+00,,,f,,,,USD,1440,lab,2.5,2026-03-26,10250.0000,KHR,2026-03-26 10:29:18.19353+00,KHAC
382,30476dd1-f9f6-49bc-a46f-3952bac9f235,d5ac6269-d8cf-4821-ac8b-a6341e68987b,LAB199,EGFR (Epidermal Growth Factor Receptor) (Lung Cancer),EGFR (Epidermal Growth Factor Receptor) (Lung Cancer),Specimen: EDTA,b0514d54-d6f7-4482-b89c-4f3d504b0e96,12500000,,,t,0.00,15,t,t,199,2026-03-26 10:28:02.254857+00,2026-05-07 02:49:27.89571+00,,,f,,,,USD,,lab,500.0,2026-03-26,2050000.0000,KHR,2026-03-26 10:29:18.19353+00,KHAC
383,c0764c49-ba8c-4a06-9716-4fc21c7c5a22,d5ac6269-d8cf-4821-ac8b-a6341e68987b,LAB200,Electrophoresis– Hemoglobin,Electrophoresis– Hemoglobin,Specimen: EDTA,b0514d54-d6f7-4482-b89c-4f3d504b0e96,500000,,,t,0.00,15,t,t,200,2026-03-26 10:28:02.254857+00,2026-05-07 02:49:27.89571+00,,,f,,,,USD,,lab,20.0,2026-03-26,82000.0000,KHR,2026-03-26 10:29:18.19353+00,KHAC
384,f55b9644-382f-4c98-b5d5-7f0b7a0f7f30,d5ac6269-d8cf-4821-ac8b-a6341e68987b,LAB201,Electrophoresis– Protein,Electrophoresis– Protein,Specimen: Serum,b0514d54-d6f7-4482-b89c-4f3d504b0e96,625000,,,t,0.00,15,t,t,201,2026-03-26 10:28:02.967077+00,2026-05-07 02:49:27.89571+00,,,f,,,,USD,,lab,25.0,2026-03-26,102500.0000,KHR,2026-03-26 10:29:18.19353+00,KHAC
385,bad685d9-6d60-43af-a567-533a1eccd7c1,d5ac6269-d8cf-4821-ac8b-a6341e68987b,LAB202,"Electrolyte (Na+, K+, Cl-)","Electrolyte (Na+, K+, Cl-)",Specimen: Serum,b0514d54-d6f7-4482-b89c-4f3d504b0e96,62500,,,t,0.00,15,t,t,202,2026-03-26 10:28:02.967077+00,2026-05-07 02:49:27.89571+00,,,f,,,,USD,1440,lab,2.5,2026-03-26,10250.0000,KHR,2026-03-26 10:29:18.19353+00,KHAC
386,91beac84-612f-4d57-b611-1e5d55696ce4,d5ac6269-d8cf-4821-ac8b-a6341e68987b,LAB203,"Electrolyte (Na+, K+, Cl-)","Electrolyte (Na+, K+, Cl-)",Specimen: Urine,b0514d54-d6f7-4482-b89c-4f3d504b0e96,125000,,,t,0.00,15,t,t,203,2026-03-26 10:28:02.967077+00,2026-05-07 02:49:27.89571+00,,,f,,,,USD,1440,lab,5.0,2026-03-26,20500.0000,KHR,2026-03-26 10:29:18.19353+00,KHAC
387,6552ca67-209e-4730-8bb8-376dbda8a224,d5ac6269-d8cf-4821-ac8b-a6341e68987b,LAB204,ENA 6 Profiles (Extractable Nuclear Antigens),ENA 6 Profiles (Extractable Nuclear Antigens),Specimen: Serum,b0514d54-d6f7-4482-b89c-4f3d504b0e96,1500000,,,t,0.00,15,t,t,204,2026-03-26 10:28:02.967077+00,2026-05-07 02:49:27.89571+00,,,f,,,,USD,,lab,60.0,2026-03-26,246000.0000,KHR,2026-03-26 10:29:18.19353+00,KHAC
388,7f45c65d-082e-4cc0-9260-416c729f678e,d5ac6269-d8cf-4821-ac8b-a6341e68987b,LAB205,Enterovirus IgG,Enterovirus IgG,Specimen: Serum,b0514d54-d6f7-4482-b89c-4f3d504b0e96,375000,,,t,0.00,15,t,t,205,2026-03-26 10:28:02.967077+00,2026-05-07 02:49:27.89571+00,,,f,,,,USD,,lab,15.0,2026-03-26,61500.0000,KHR,2026-03-26 10:29:18.19353+00,KHAC
389,8db00d7a-8dfd-4424-8e24-82d46b4fbe17,d5ac6269-d8cf-4821-ac8b-a6341e68987b,LAB206,Enterovirus IgM,Enterovirus IgM,Specimen: Serum,b0514d54-d6f7-4482-b89c-4f3d504b0e96,375000,,,t,0.00,15,t,t,206,2026-03-26 10:28:02.967077+00,2026-05-07 02:49:27.89571+00,,,f,,,,USD,,lab,15.0,2026-03-26,61500.0000,KHR,2026-03-26 10:29:18.19353+00,KHAC
390,34fbadc3-96ff-41a1-aec4-3e3aa242c376,d5ac6269-d8cf-4821-ac8b-a6341e68987b,LAB207,Epineprine (Adrenaline),Epineprine (Adrenaline),Specimen: EDTA,b0514d54-d6f7-4482-b89c-4f3d504b0e96,550000,,,t,0.00,15,t,t,207,2026-03-26 10:28:02.967077+00,2026-05-07 02:49:27.89571+00,,,f,,,,USD,,lab,22.0,2026-03-26,90200.0000,KHR,2026-03-26 10:29:18.19353+00,KHAC
391,2f0663c0-3cbe-4439-a1bb-007f33c66f18,d5ac6269-d8cf-4821-ac8b-a6341e68987b,LAB208,EPO (Erythropoietin),EPO (Erythropoietin),Specimen: Serum,b0514d54-d6f7-4482-b89c-4f3d504b0e96,625000,,,t,0.00,15,t,t,208,2026-03-26 10:28:02.967077+00,2026-05-07 02:49:27.89571+00,,,f,,,,USD,,lab,25.0,2026-03-26,102500.0000,KHR,2026-03-26 10:29:18.19353+00,KHAC
392,8743dbc6-70eb-4a60-af5f-162569db4fa1,d5ac6269-d8cf-4821-ac8b-a6341e68987b,LAB209,Epstein-Barr-Virus (EBV) IgA,Epstein-Barr-Virus (EBV) IgA,Specimen: Serum,b0514d54-d6f7-4482-b89c-4f3d504b0e96,500000,,,t,0.00,15,t,t,209,2026-03-26 10:28:02.967077+00,2026-05-07 02:49:27.89571+00,,,f,,,,USD,,lab,20.0,2026-03-26,82000.0000,KHR,2026-03-26 10:29:18.19353+00,KHAC
393,fbf12068-b922-4567-be2e-2171daecb8aa,d5ac6269-d8cf-4821-ac8b-a6341e68987b,LAB210,Epstein-Barr-Virus (EBV) IgM,Epstein-Barr-Virus (EBV) IgM,Specimen: Serum,b0514d54-d6f7-4482-b89c-4f3d504b0e96,500000,,,t,0.00,15,t,t,210,2026-03-26 10:28:02.967077+00,2026-05-07 02:49:27.89571+00,,,f,,,,USD,,lab,20.0,2026-03-26,82000.0000,KHR,2026-03-26 10:29:18.19353+00,KHAC
394,da2a15a3-12bf-439b-97b2-66174928df6c,d5ac6269-d8cf-4821-ac8b-a6341e68987b,LAB211,Epstein-Barr-Virus (EBV) IgG,Epstein-Barr-Virus (EBV) IgG,Specimen: Serum,b0514d54-d6f7-4482-b89c-4f3d504b0e96,500000,,,t,0.00,15,t,t,211,2026-03-26 10:28:02.967077+00,2026-05-07 02:49:27.89571+00,,,f,,,,USD,,lab,20.0,2026-03-26,82000.0000,KHR,2026-03-26 10:29:18.19353+00,KHAC
395,15fdfbd7-c1af-4643-818c-6532478b2ab4,d5ac6269-d8cf-4821-ac8b-a6341e68987b,LAB212,ESR / Vs,ESR / Vs,Specimen: EDTA,b0514d54-d6f7-4482-b89c-4f3d504b0e96,37500,,,t,0.00,15,t,t,212,2026-03-26 10:28:02.967077+00,2026-05-07 02:49:27.89571+00,,,f,,,,USD,1440,lab,1.5,2026-03-26,6150.0000,KHR,2026-03-26 10:29:18.19353+00,KHAC
396,41a6e63a-64fc-4fb9-9c4f-4ba7076684fc,d5ac6269-d8cf-4821-ac8b-a6341e68987b,LAB213,"Estradiol (E2) (Oestradiol, Oestrogen)","Estradiol (E2) (Oestradiol, Oestrogen)",Specimen: Serum,b0514d54-d6f7-4482-b89c-4f3d504b0e96,312500,,,t,0.00,15,t,t,213,2026-03-26 10:28:02.967077+00,2026-05-07 02:49:27.89571+00,,,f,,,,USD,1440,lab,12.5,2026-03-26,51250.0000,KHR,2026-03-26 10:29:18.19353+00,KHAC
397,96dbc753-5494-4eb1-95bf-868c1a127af2,d5ac6269-d8cf-4821-ac8b-a6341e68987b,LAB214,Ethanol,Ethanol,Specimen: Serum,b0514d54-d6f7-4482-b89c-4f3d504b0e96,200000,,,t,0.00,15,t,t,214,2026-03-26 10:28:02.967077+00,2026-05-07 02:49:27.89571+00,,,f,,,,USD,,lab,8.0,2026-03-26,32800.0000,KHR,2026-03-26 10:29:18.19353+00,KHAC
398,849ec096-5230-46aa-b299-0552eb9cf817,d5ac6269-d8cf-4821-ac8b-a6341e68987b,LAB215,Everolimus,Everolimus,Specimen: EDTA,b0514d54-d6f7-4482-b89c-4f3d504b0e96,2375000,,,t,0.00,15,t,t,215,2026-03-26 10:28:02.967077+00,2026-05-07 02:49:27.89571+00,,,f,,,,USD,,lab,95.0,2026-03-26,389500.0000,KHR,2026-03-26 10:29:18.19353+00,KHAC
399,e98d8e75-9556-4738-8fd8-8d53d1ed5728,d5ac6269-d8cf-4821-ac8b-a6341e68987b,LAB216,F-actin (Anti-Filamentous-Actin),F-actin (Anti-Filamentous-Actin),Specimen: Serum,b0514d54-d6f7-4482-b89c-4f3d504b0e96,500000,,,t,0.00,15,t,t,216,2026-03-26 10:28:02.967077+00,2026-05-07 02:49:27.89571+00,,,f,,,,USD,,lab,20.0,2026-03-26,82000.0000,KHR,2026-03-26 10:29:18.19353+00,KHAC
400,7338523d-7b29-4f4b-84ec-6dd52e972594,d5ac6269-d8cf-4821-ac8b-a6341e68987b,LAB217,Factor Rheumatoid (Quantitative),Factor Rheumatoid (Quantitative),Specimen: Serum,b0514d54-d6f7-4482-b89c-4f3d504b0e96,50000,,,t,0.00,15,t,t,217,2026-03-26 10:28:02.967077+00,2026-05-07 02:49:27.89571+00,,,f,,,,USD,1440,lab,2.0,2026-03-26,8200.0000,KHR,2026-03-26 10:29:18.19353+00,KHAC
401,15dca5e3-52d3-4a6c-bab2-776c359ec1d5,d5ac6269-d8cf-4821-ac8b-a6341e68987b,LAB218,Factor V,Factor V,Specimen: 3.8% sodium citrate;Plasma,b0514d54-d6f7-4482-b89c-4f3d504b0e96,625000,,,t,0.00,15,t,t,218,2026-03-26 10:28:02.967077+00,2026-05-07 02:49:27.89571+00,,,f,,,,USD,,lab,25.0,2026-03-26,102500.0000,KHR,2026-03-26 10:29:18.19353+00,KHAC
402,a5357aed-5169-4c91-9a8f-506008b870b3,d5ac6269-d8cf-4821-ac8b-a6341e68987b,LAB219,Fasciola Hepatica IgG (Sero Fasciola),Fasciola Hepatica IgG (Sero Fasciola),Specimen: Serum,b0514d54-d6f7-4482-b89c-4f3d504b0e96,375000,,,t,0.00,15,t,t,219,2026-03-26 10:28:02.967077+00,2026-05-07 02:49:27.89571+00,,,f,,,,USD,,lab,15.0,2026-03-26,61500.0000,KHR,2026-03-26 10:29:18.19353+00,KHAC
403,26c52e07-f7f0-4fbe-a2a8-4d7214be192b,d5ac6269-d8cf-4821-ac8b-a6341e68987b,LAB220,FBS / Glycémie,FBS / Glycémie,Specimen: Fasting Serum,b0514d54-d6f7-4482-b89c-4f3d504b0e96,25000,,,t,0.00,15,t,t,220,2026-03-26 10:28:02.967077+00,2026-05-07 02:49:27.89571+00,,,f,,,,USD,1440,lab,1.0,2026-03-26,4100.0000,KHR,2026-03-26 10:29:18.19353+00,KHAC
404,542b720f-0e88-48c7-b380-945b37f39991,d5ac6269-d8cf-4821-ac8b-a6341e68987b,LAB221,Filariasis (Sero Filariasis),Filariasis (Sero Filariasis),Specimen: Serum,b0514d54-d6f7-4482-b89c-4f3d504b0e96,250000,,,t,0.00,15,t,t,221,2026-03-26 10:28:02.967077+00,2026-05-07 02:49:27.89571+00,,,f,,,,USD,,lab,10.0,2026-03-26,41000.0000,KHR,2026-03-26 10:29:18.19353+00,KHAC
405,835a395f-a5bd-4c60-9482-550520fad57c,d5ac6269-d8cf-4821-ac8b-a6341e68987b,LAB222,FOB (Fecal Occult Blood),FOB (Fecal Occult Blood),Specimen: Stool,b0514d54-d6f7-4482-b89c-4f3d504b0e96,125000,,,t,0.00,15,t,t,222,2026-03-26 10:28:02.967077+00,2026-05-07 02:49:27.89571+00,,,f,,,,USD,1440,lab,5.0,2026-03-26,20500.0000,KHR,2026-03-26 10:29:18.19353+00,KHAC
406,27448da0-70bb-4b49-aff0-97c6faa90a49,d5ac6269-d8cf-4821-ac8b-a6341e68987b,LAB223,FK 506 (Tacrolimus),FK 506 (Tacrolimus),Specimen: EDTA,b0514d54-d6f7-4482-b89c-4f3d504b0e96,1250000,,,t,0.00,15,t,t,223,2026-03-26 10:28:02.967077+00,2026-05-07 02:49:27.89571+00,,,f,,,,USD,1440,lab,50.0,2026-03-26,205000.0000,KHR,2026-03-26 10:29:18.19353+00,KHAC
407,fb7145e6-fd69-4e09-b000-36988ea18e9f,d5ac6269-d8cf-4821-ac8b-a6341e68987b,LAB224,Ferritin,Ferritin,Specimen: Serum,b0514d54-d6f7-4482-b89c-4f3d504b0e96,187500,,,t,0.00,15,t,t,224,2026-03-26 10:28:02.967077+00,2026-05-07 02:49:27.89571+00,,,f,,,,USD,1440,lab,7.5,2026-03-26,30750.0000,KHR,2026-03-26 10:29:18.19353+00,KHAC
408,db9d322a-016d-4f27-8f75-9bbe4cf28015,d5ac6269-d8cf-4821-ac8b-a6341e68987b,LAB225,Fer sérique (Iron),Fer sérique (Iron),Specimen: Serum,b0514d54-d6f7-4482-b89c-4f3d504b0e96,50000,,,t,0.00,15,t,t,225,2026-03-26 10:28:02.967077+00,2026-05-07 02:49:27.89571+00,,,f,,,,USD,1440,lab,2.0,2026-03-26,8200.0000,KHR,2026-03-26 10:29:18.19353+00,KHAC
409,28196b63-d726-4fea-b412-86c18cd8ba73,d5ac6269-d8cf-4821-ac8b-a6341e68987b,LAB226,Fibrinogen,Fibrinogen,Specimen: 3.8% Sodium Citrate Plasma,b0514d54-d6f7-4482-b89c-4f3d504b0e96,125000,,,t,0.00,15,t,t,226,2026-03-26 10:28:02.967077+00,2026-05-07 02:49:27.89571+00,,,f,,,,USD,1440,lab,5.0,2026-03-26,20500.0000,KHR,2026-03-26 10:29:18.19353+00,KHAC
410,a26667bb-e98f-489e-8055-212466676b3d,d5ac6269-d8cf-4821-ac8b-a6341e68987b,LAB227,Fibro Test / Acti Test,Fibro Test / Acti Test,Specimen: Serum,b0514d54-d6f7-4482-b89c-4f3d504b0e96,3250000,,,t,0.00,15,t,t,227,2026-03-26 10:28:02.967077+00,2026-05-07 02:49:27.89571+00,,,f,,,,USD,,lab,130.0,2026-03-26,533000.0000,KHR,2026-03-26 10:29:18.19353+00,KHAC
411,1e65053b-4a35-4c14-b393-f1ff36903b7c,d5ac6269-d8cf-4821-ac8b-a6341e68987b,LAB228,FLC Kappa & Lambda (free light chains type kappa&lambda),FLC Kappa & Lambda (free light chains type kappa&lambda),Specimen: Serum,b0514d54-d6f7-4482-b89c-4f3d504b0e96,3250000,,,t,0.00,15,t,t,228,2026-03-26 10:28:02.967077+00,2026-05-07 02:49:27.89571+00,,,f,,,,USD,,lab,130.0,2026-03-26,533000.0000,KHR,2026-03-26 10:29:18.19353+00,KHAC
412,79545fc0-aad0-4897-84d5-708e7b738245,d5ac6269-d8cf-4821-ac8b-a6341e68987b,LAB229,Folate (Folic Acid) (Vit B9),Folate (Folic Acid) (Vit B9),Specimen: Serum,b0514d54-d6f7-4482-b89c-4f3d504b0e96,400000,,,t,0.00,15,t,t,229,2026-03-26 10:28:02.967077+00,2026-05-07 02:49:27.89571+00,,,f,,,,USD,1440,lab,16.0,2026-03-26,65600.0000,KHR,2026-03-26 10:29:18.19353+00,KHAC
413,3b5dbef6-3b31-47bc-96bf-c48a19f6e811,d5ac6269-d8cf-4821-ac8b-a6341e68987b,LAB230,Free Metanephrine,Free Metanephrine,Specimen: EDTA,b0514d54-d6f7-4482-b89c-4f3d504b0e96,750000,,,t,0.00,15,t,t,230,2026-03-26 10:28:02.967077+00,2026-05-07 02:49:27.89571+00,,,f,,,,USD,,lab,30.0,2026-03-26,123000.0000,KHR,2026-03-26 10:29:18.19353+00,KHAC
414,9b1c9483-9f80-4bf6-ae3e-c6836475e25d,d5ac6269-d8cf-4821-ac8b-a6341e68987b,LAB231,Free PSA,Free PSA,Specimen: Serum,b0514d54-d6f7-4482-b89c-4f3d504b0e96,450000,,,t,0.00,15,t,t,231,2026-03-26 10:28:02.967077+00,2026-05-07 02:49:27.89571+00,,,f,,,,USD,1440,lab,18.0,2026-03-26,73800.0000,KHR,2026-03-26 10:29:18.19353+00,KHAC
415,ebe48a4c-8aa5-4650-ad61-9b40deeb0d0e,d5ac6269-d8cf-4821-ac8b-a6341e68987b,LAB232,Frotis vaginal (Anapath),Frotis vaginal (Anapath),Specimen: Specified specimens,b0514d54-d6f7-4482-b89c-4f3d504b0e96,375000,,,t,0.00,15,t,t,232,2026-03-26 10:28:02.967077+00,2026-05-07 02:49:27.89571+00,,,f,,,,USD,,lab,15.0,2026-03-26,61500.0000,KHR,2026-03-26 10:29:18.19353+00,KHAC
416,f2d2c5de-a582-4b02-8644-749202a947a7,d5ac6269-d8cf-4821-ac8b-a6341e68987b,LAB233,FSH (Follicle Stimulating Hormone),FSH (Follicle Stimulating Hormone),Specimen: Serum,b0514d54-d6f7-4482-b89c-4f3d504b0e96,312500,,,t,0.00,15,t,t,233,2026-03-26 10:28:02.967077+00,2026-05-07 02:49:27.89571+00,,,f,,,,USD,1440,lab,12.5,2026-03-26,51250.0000,KHR,2026-03-26 10:29:18.19353+00,KHAC
417,4f7daf47-baaf-4dda-853b-814e5d59c2c4,d5ac6269-d8cf-4821-ac8b-a6341e68987b,LAB234,FT3,FT3,Specimen: Serum,b0514d54-d6f7-4482-b89c-4f3d504b0e96,175000,,,t,0.00,15,t,t,234,2026-03-26 10:28:02.967077+00,2026-05-07 02:49:27.89571+00,,,f,,,,USD,1440,lab,7.0,2026-03-26,28700.0000,KHR,2026-03-26 10:29:18.19353+00,KHAC
418,dab747ba-da54-4c7a-9e0b-121df8eb2493,d5ac6269-d8cf-4821-ac8b-a6341e68987b,LAB235,FT4,FT4,Specimen: Serum,b0514d54-d6f7-4482-b89c-4f3d504b0e96,175000,,,t,0.00,15,t,t,235,2026-03-26 10:28:02.967077+00,2026-05-07 02:49:27.89571+00,,,f,,,,USD,1440,lab,7.0,2026-03-26,28700.0000,KHR,2026-03-26 10:29:18.19353+00,KHAC
419,4a86e11a-876f-43f8-9c0a-7fab30568b76,d5ac6269-d8cf-4821-ac8b-a6341e68987b,LAB236,Free Testoterone (SHBG + Testosterone),Free Testoterone (SHBG + Testosterone),Specimen: Serum,b0514d54-d6f7-4482-b89c-4f3d504b0e96,625000,,,t,0.00,15,t,t,236,2026-03-26 10:28:02.967077+00,2026-05-07 02:49:27.89571+00,,,f,,,,USD,,lab,25.0,2026-03-26,102500.0000,KHR,2026-03-26 10:29:18.19353+00,KHAC
420,ef995e81-7cf6-498c-a7e8-2cf045502879,d5ac6269-d8cf-4821-ac8b-a6341e68987b,LAB237,Fructosamine,Fructosamine,Specimen: Serum,b0514d54-d6f7-4482-b89c-4f3d504b0e96,375000,,,t,0.00,15,t,t,237,2026-03-26 10:28:02.967077+00,2026-05-07 02:49:27.89571+00,,,f,,,,USD,,lab,15.0,2026-03-26,61500.0000,KHR,2026-03-26 10:29:18.19353+00,KHAC
421,cea76cdf-7fd7-4bf4-b52d-7b29b2c827fd,d5ac6269-d8cf-4821-ac8b-a6341e68987b,LAB238,G6-PD,G6-PD,Specimen: EDTA,b0514d54-d6f7-4482-b89c-4f3d504b0e96,375000,,,t,0.00,15,t,t,238,2026-03-26 10:28:02.967077+00,2026-05-07 02:49:27.89571+00,,,f,,,,USD,,lab,15.0,2026-03-26,61500.0000,KHR,2026-03-26 10:29:18.19353+00,KHAC
422,ba8e82c5-4bc1-423c-88f1-5ff6531eee63,d5ac6269-d8cf-4821-ac8b-a6341e68987b,LAB239,GGT,GGT,Specimen: Serum,b0514d54-d6f7-4482-b89c-4f3d504b0e96,37500,,,t,0.00,15,t,t,239,2026-03-26 10:28:02.967077+00,2026-05-07 02:49:27.89571+00,,,f,,,,USD,1440,lab,1.5,2026-03-26,6150.0000,KHR,2026-03-26 10:29:18.19353+00,KHAC
423,d045aaf5-13cf-49f8-9ba6-ba64e8ba7ed0,d5ac6269-d8cf-4821-ac8b-a6341e68987b,LAB240,Gamma Interferon (IFN) (NEW),Gamma Interferon (IFN) (NEW),Specimen: Serum,b0514d54-d6f7-4482-b89c-4f3d504b0e96,1250000,,,t,0.00,15,t,t,240,2026-03-26 10:28:02.967077+00,2026-05-07 02:49:27.89571+00,,,f,,,,USD,,lab,50.0,2026-03-26,205000.0000,KHR,2026-03-26 10:29:18.19353+00,KHAC
424,ef07f4cf-8090-4b53-bc1c-be30275a81a9,d5ac6269-d8cf-4821-ac8b-a6341e68987b,LAB241,Galectin,Galectin,Specimen: Serum,b0514d54-d6f7-4482-b89c-4f3d504b0e96,875000,,,t,0.00,15,t,t,241,2026-03-26 10:28:02.967077+00,2026-05-07 02:49:27.89571+00,,,f,,,,USD,,lab,35.0,2026-03-26,143500.0000,KHR,2026-03-26 10:29:18.19353+00,KHAC
425,03e05e6e-3e55-4ef2-b3ad-8ac18b0d3454,d5ac6269-d8cf-4821-ac8b-a6341e68987b,LAB242,Gastrin,Gastrin,Specimen: Serum,b0514d54-d6f7-4482-b89c-4f3d504b0e96,375000,,,t,0.00,15,t,t,242,2026-03-26 10:28:02.967077+00,2026-05-07 02:49:27.89571+00,,,f,,,,USD,,lab,15.0,2026-03-26,61500.0000,KHR,2026-03-26 10:29:18.19353+00,KHAC
426,534a6843-0c50-4496-921f-64424124a426,d5ac6269-d8cf-4821-ac8b-a6341e68987b,LAB243,Globulin,Globulin,Specimen: Serum,b0514d54-d6f7-4482-b89c-4f3d504b0e96,50000,,,t,0.00,15,t,t,243,2026-03-26 10:28:02.967077+00,2026-05-07 02:49:27.89571+00,,,f,,,,USD,1440,lab,2.0,2026-03-26,8200.0000,KHR,2026-03-26 10:29:18.19353+00,KHAC
427,0c7fa3ea-dedc-4308-8918-10da0790219a,d5ac6269-d8cf-4821-ac8b-a6341e68987b,LAB244,Glucagon,Glucagon,Specimen: Serum,b0514d54-d6f7-4482-b89c-4f3d504b0e96,1125000,,,t,0.00,15,t,t,244,2026-03-26 10:28:02.967077+00,2026-05-07 02:49:27.89571+00,,,f,,,,USD,,lab,45.0,2026-03-26,184500.0000,KHR,2026-03-26 10:29:18.19353+00,KHAC
428,501bd48f-abe9-4fa8-81c6-8e899cb6bd23,d5ac6269-d8cf-4821-ac8b-a6341e68987b,LAB245,Glucose,Glucose,Specimen: Serum,b0514d54-d6f7-4482-b89c-4f3d504b0e96,25000,,,t,0.00,15,t,t,245,2026-03-26 10:28:02.967077+00,2026-05-07 02:49:27.89571+00,,,f,,,,USD,1440,lab,1.0,2026-03-26,4100.0000,KHR,2026-03-26 10:29:18.19353+00,KHAC
429,94dcb4ac-860d-4050-af2b-b12670824dfb,d5ac6269-d8cf-4821-ac8b-a6341e68987b,LAB246,Glucose Quantitative,Glucose Quantitative,Specimen: Urine,b0514d54-d6f7-4482-b89c-4f3d504b0e96,25000,,,t,0.00,15,t,t,246,2026-03-26 10:28:02.967077+00,2026-05-07 02:49:27.89571+00,,,f,,,,USD,1440,lab,1.0,2026-03-26,4100.0000,KHR,2026-03-26 10:29:18.19353+00,KHAC
430,301f593c-9e0d-4736-a80b-f0de2174acba,d5ac6269-d8cf-4821-ac8b-a6341e68987b,LAB247,Glucose CSF/LCR,Glucose CSF/LCR,Specimen: CSF,b0514d54-d6f7-4482-b89c-4f3d504b0e96,31250,,,t,0.00,15,t,t,247,2026-03-26 10:28:02.967077+00,2026-05-07 02:49:27.89571+00,,,f,,,,USD,1440,lab,1.25,2026-03-26,5125.0000,KHR,2026-03-26 10:29:18.19353+00,KHAC
431,acef86e6-181d-4fb9-8ef6-55b123014982,d5ac6269-d8cf-4821-ac8b-a6341e68987b,LAB248,Glucose LP,Glucose LP,Specimen: LP,b0514d54-d6f7-4482-b89c-4f3d504b0e96,31250,,,t,0.00,15,t,t,248,2026-03-26 10:28:02.967077+00,2026-05-07 02:49:27.89571+00,,,f,,,,USD,1440,lab,1.25,2026-03-26,5125.0000,KHR,2026-03-26 10:29:18.19353+00,KHAC
432,81beea40-79ec-4a0e-bf95-1b6348757ec1,d5ac6269-d8cf-4821-ac8b-a6341e68987b,LAB249,Gnathostoma IgG,Gnathostoma IgG,Specimen: Serum,b0514d54-d6f7-4482-b89c-4f3d504b0e96,250000,,,t,0.00,15,t,t,249,2026-03-26 10:28:02.967077+00,2026-05-07 02:49:27.89571+00,,,f,,,,USD,,lab,10.0,2026-03-26,41000.0000,KHR,2026-03-26 10:29:18.19353+00,KHAC
433,8908307f-bde9-450f-95be-7c92f5264d40,d5ac6269-d8cf-4821-ac8b-a6341e68987b,LAB250,Gram Stain,Gram Stain,Specimen: Specified specimens,b0514d54-d6f7-4482-b89c-4f3d504b0e96,62500,,,t,0.00,15,t,t,250,2026-03-26 10:28:02.967077+00,2026-05-07 02:49:27.89571+00,,,f,,,,USD,1440,lab,2.5,2026-03-26,10250.0000,KHR,2026-03-26 10:29:18.19353+00,KHAC
434,c36b8ec4-8c75-4be5-b21c-e04a9ebfdc9e,d5ac6269-d8cf-4821-ac8b-a6341e68987b,LAB251,Groupage (ABO+Rh),Groupage (ABO+Rh),Specimen: EDTA,b0514d54-d6f7-4482-b89c-4f3d504b0e96,50000,,,t,0.00,15,t,t,251,2026-03-26 10:28:02.967077+00,2026-05-07 02:49:27.89571+00,,,f,,,,USD,1440,lab,2.0,2026-03-26,8200.0000,KHR,2026-03-26 10:29:18.19353+00,KHAC
435,0e2f7814-f320-4fc9-8887-dcaf6999cb35,d5ac6269-d8cf-4821-ac8b-a6341e68987b,LAB252,GH (Growth Hormone) (hGH),GH (Growth Hormone) (hGH),Specimen: Serum,b0514d54-d6f7-4482-b89c-4f3d504b0e96,400000,,,t,0.00,15,t,t,252,2026-03-26 10:28:02.967077+00,2026-05-07 02:49:27.89571+00,,,f,,,,USD,,lab,16.0,2026-03-26,65600.0000,KHR,2026-03-26 10:29:18.19353+00,KHAC
436,44b09fab-85b5-40ba-82b4-0be0dc969c48,d5ac6269-d8cf-4821-ac8b-a6341e68987b,LAB253,Haptoglobin,Haptoglobin,Specimen: Serum,b0514d54-d6f7-4482-b89c-4f3d504b0e96,250000,,,t,0.00,15,t,t,253,2026-03-26 10:28:02.967077+00,2026-05-07 02:49:27.89571+00,,,f,,,,USD,,lab,10.0,2026-03-26,41000.0000,KHR,2026-03-26 10:29:18.19353+00,KHAC
437,eca72f16-cbc5-455e-a435-a941d517d3d7,d5ac6269-d8cf-4821-ac8b-a6341e68987b,LAB254,Hb A1c (Glycosylated Hemoglobin),Hb A1c (Glycosylated Hemoglobin),Specimen: EDTA,b0514d54-d6f7-4482-b89c-4f3d504b0e96,212500,,,t,0.00,15,t,t,254,2026-03-26 10:28:02.967077+00,2026-05-07 02:49:27.89571+00,,,f,,,,USD,1440,lab,8.5,2026-03-26,34850.0000,KHR,2026-03-26 10:29:18.19353+00,KHAC
438,31075d73-f67e-4e36-ae09-852b97d35a7e,d5ac6269-d8cf-4821-ac8b-a6341e68987b,LAB255,Hb Electrophoresis,Hb Electrophoresis,Specimen: EDTA,b0514d54-d6f7-4482-b89c-4f3d504b0e96,500000,,,t,0.00,15,t,t,255,2026-03-26 10:28:02.967077+00,2026-05-07 02:49:27.89571+00,,,f,,,,USD,,lab,20.0,2026-03-26,82000.0000,KHR,2026-03-26 10:29:18.19353+00,KHAC
439,c17020d7-6d15-4c0c-9326-2c1f847249f1,d5ac6269-d8cf-4821-ac8b-a6341e68987b,LAB256,HAV IgM (Hepatitis A Virus),HAV IgM (Hepatitis A Virus),Specimen: Serum,b0514d54-d6f7-4482-b89c-4f3d504b0e96,175000,,,t,0.00,15,t,t,256,2026-03-26 10:28:02.967077+00,2026-05-07 02:49:27.89571+00,,,f,,,,USD,1440,lab,7.0,2026-03-26,28700.0000,KHR,2026-03-26 10:29:18.19353+00,KHAC
440,035866d2-0c72-46bd-8e62-5f3663fb654b,d5ac6269-d8cf-4821-ac8b-a6341e68987b,LAB257,HAV Total (Hepatitis A Virus),HAV Total (Hepatitis A Virus),Specimen: Serum,b0514d54-d6f7-4482-b89c-4f3d504b0e96,175000,,,t,0.00,15,t,t,257,2026-03-26 10:28:02.967077+00,2026-05-07 02:49:27.89571+00,,,f,,,,USD,1440,lab,7.0,2026-03-26,28700.0000,KHR,2026-03-26 10:29:18.19353+00,KHAC
441,9198642c-07b5-47d7-b0f3-2fc694ea0751,d5ac6269-d8cf-4821-ac8b-a6341e68987b,LAB258,HBc Antibody IgM,HBc Antibody IgM,Specimen: Serum,b0514d54-d6f7-4482-b89c-4f3d504b0e96,250000,,,t,0.00,15,t,t,258,2026-03-26 10:28:02.967077+00,2026-05-07 02:49:27.89571+00,,,f,,,,USD,1440,lab,10.0,2026-03-26,41000.0000,KHR,2026-03-26 10:29:18.19353+00,KHAC
442,314f0bba-9c2f-471f-8084-c1d256002026,d5ac6269-d8cf-4821-ac8b-a6341e68987b,LAB259,HBc Antibody Total,HBc Antibody Total,Specimen: Serum,b0514d54-d6f7-4482-b89c-4f3d504b0e96,187500,,,t,0.00,15,t,t,259,2026-03-26 10:28:02.967077+00,2026-05-07 02:49:27.89571+00,,,f,,,,USD,1440,lab,7.5,2026-03-26,30750.0000,KHR,2026-03-26 10:29:18.19353+00,KHAC
443,43125ffa-1b03-43f7-882b-73e4ca67a97d,d5ac6269-d8cf-4821-ac8b-a6341e68987b,LAB260,HBe Antigen,HBe Antigen,Specimen: Serum,b0514d54-d6f7-4482-b89c-4f3d504b0e96,137500,,,t,0.00,15,t,t,260,2026-03-26 10:28:02.967077+00,2026-05-07 02:49:27.89571+00,,,f,,,,USD,1440,lab,5.5,2026-03-26,22550.0000,KHR,2026-03-26 10:29:18.19353+00,KHAC
444,6a4e2a70-c8c9-41fd-92b4-15f646025169,d5ac6269-d8cf-4821-ac8b-a6341e68987b,LAB261,HBe Antibody,HBe Antibody,Specimen: Serum,b0514d54-d6f7-4482-b89c-4f3d504b0e96,137500,,,t,0.00,15,t,t,261,2026-03-26 10:28:02.967077+00,2026-05-07 02:49:27.89571+00,,,f,,,,USD,1440,lab,5.5,2026-03-26,22550.0000,KHR,2026-03-26 10:29:18.19353+00,KHAC
445,fa501eee-43d9-4939-b7c6-d880c87ee052,d5ac6269-d8cf-4821-ac8b-a6341e68987b,LAB262,HBs Antigen Qualitative,HBs Antigen Qualitative,Specimen: Serum,b0514d54-d6f7-4482-b89c-4f3d504b0e96,87500,,,t,0.00,15,t,t,262,2026-03-26 10:28:02.967077+00,2026-05-07 02:49:27.89571+00,,,f,,,,USD,1440,lab,3.5,2026-03-26,14350.0000,KHR,2026-03-26 10:29:18.19353+00,KHAC
446,97b20e4b-3f81-4f2d-911e-8f3325d0b2cb,d5ac6269-d8cf-4821-ac8b-a6341e68987b,LAB263,HBs Antigen Quantitative,HBs Antigen Quantitative,Specimen: Serum,b0514d54-d6f7-4482-b89c-4f3d504b0e96,625000,,,t,0.00,15,t,t,263,2026-03-26 10:28:02.967077+00,2026-05-07 02:49:27.89571+00,,,f,,,,USD,1440,lab,25.0,2026-03-26,102500.0000,KHR,2026-03-26 10:29:18.19353+00,KHAC
447,170c2a14-146e-4736-a079-fdf3723ee5ce,d5ac6269-d8cf-4821-ac8b-a6341e68987b,LAB264,HBs Antibody Quantitative,HBs Antibody Quantitative,Specimen: Serum,b0514d54-d6f7-4482-b89c-4f3d504b0e96,112500,,,t,0.00,15,t,t,264,2026-03-26 10:28:02.967077+00,2026-05-07 02:49:27.89571+00,,,f,,,,USD,1440,lab,4.5,2026-03-26,18450.0000,KHR,2026-03-26 10:29:18.19353+00,KHAC
448,5f0be986-16c2-41bf-a0f0-d0cec6ae8034,d5ac6269-d8cf-4821-ac8b-a6341e68987b,LAB265,"HBV DNA (RT-PCR, Taqman) Quantitative","HBV DNA (RT-PCR, Taqman) Quantitative",Specimen: Serum,b0514d54-d6f7-4482-b89c-4f3d504b0e96,1000000,,,t,0.00,15,t,t,265,2026-03-26 10:28:02.967077+00,2026-05-07 02:49:27.89571+00,,,f,,,,USD,1440,lab,40.0,2026-03-26,164000.0000,KHR,2026-03-26 10:29:18.19353+00,KHAC
449,7504b5d2-ba8b-43cb-b26b-9d062ce4aa5f,d5ac6269-d8cf-4821-ac8b-a6341e68987b,LAB266,"HBV DNA (Roche Cobas, Taqman) Quantitative","HBV DNA (Roche Cobas, Taqman) Quantitative",Specimen: EDTA,b0514d54-d6f7-4482-b89c-4f3d504b0e96,3000000,,,t,0.00,15,t,t,266,2026-03-26 10:28:02.967077+00,2026-05-07 02:49:27.89571+00,,,f,,,,USD,,lab,120.0,2026-03-26,492000.0000,KHR,2026-03-26 10:29:18.19353+00,KHAC
450,79f9718e-b71d-4b26-aadd-05b5f11221c0,d5ac6269-d8cf-4821-ac8b-a6341e68987b,LAB267,HBV Genotype,HBV Genotype,Specimen: Serum,b0514d54-d6f7-4482-b89c-4f3d504b0e96,1625000,,,t,0.00,15,t,t,267,2026-03-26 10:28:02.967077+00,2026-05-07 02:49:27.89571+00,,,f,,,,USD,,lab,65.0,2026-03-26,266500.0000,KHR,2026-03-26 10:29:18.19353+00,KHAC
451,568db3a9-af9e-4661-b0a0-91aea11975ca,d5ac6269-d8cf-4821-ac8b-a6341e68987b,LAB268,HBV Core/core promoter mutation detection,HBV Core/core promoter mutation detection,Specimen: Serum,b0514d54-d6f7-4482-b89c-4f3d504b0e96,2500000,,,t,0.00,15,t,t,268,2026-03-26 10:28:02.967077+00,2026-05-07 02:49:27.89571+00,,,f,,,,USD,,lab,100.0,2026-03-26,410000.0000,KHR,2026-03-26 10:29:18.19353+00,KHAC
452,160d6bc5-41d0-4c75-b1b0-f74c0f10852a,d5ac6269-d8cf-4821-ac8b-a6341e68987b,LAB269,HBV drug resistance mutation (NEW),HBV drug resistance mutation (NEW),Specimen: EDTA,b0514d54-d6f7-4482-b89c-4f3d504b0e96,3125000,,,t,0.00,15,t,t,269,2026-03-26 10:28:02.967077+00,2026-05-07 02:49:27.89571+00,,,f,,,,USD,,lab,125.0,2026-03-26,512500.0000,KHR,2026-03-26 10:29:18.19353+00,KHAC
453,9a92a381-5bc2-4b4b-a354-e0a410791880,d5ac6269-d8cf-4821-ac8b-a6341e68987b,LAB270,HCC RISK (AFP+AFP-L3+PIVKA-II) (DCP) (NEW),HCC RISK (AFP+AFP-L3+PIVKA-II) (DCP) (NEW),Specimen: Serum,b0514d54-d6f7-4482-b89c-4f3d504b0e96,3250000,,,t,0.00,15,t,t,270,2026-03-26 10:28:02.967077+00,2026-05-07 02:49:27.89571+00,,,f,,,,USD,,lab,130.0,2026-03-26,533000.0000,KHR,2026-03-26 10:29:18.19353+00,KHAC
454,5879f4b9-495b-4587-bbda-8b70fd9b2859,d5ac6269-d8cf-4821-ac8b-a6341e68987b,LAB271,HCG/Blood (Quantitative),HCG/Blood (Quantitative),Specimen: Serum,b0514d54-d6f7-4482-b89c-4f3d504b0e96,250000,,,t,0.00,15,t,t,271,2026-03-26 10:28:02.967077+00,2026-05-07 02:49:27.89571+00,,,f,,,,USD,1440,lab,10.0,2026-03-26,41000.0000,KHR,2026-03-26 10:29:18.19353+00,KHAC
455,dca79ce6-7550-4f83-a820-53737530366a,d5ac6269-d8cf-4821-ac8b-a6341e68987b,LAB272,HCG (Qualitative),HCG (Qualitative),Specimen: Urine,b0514d54-d6f7-4482-b89c-4f3d504b0e96,31250,,,t,0.00,15,t,t,272,2026-03-26 10:28:02.967077+00,2026-05-07 02:49:27.89571+00,,,f,,,,USD,1440,lab,1.25,2026-03-26,5125.0000,KHR,2026-03-26 10:29:18.19353+00,KHAC
456,5a3f9b71-d5d7-4e70-8a9e-d44383047940,d5ac6269-d8cf-4821-ac8b-a6341e68987b,LAB273,HCV Antibody,HCV Antibody,Specimen: Serum,b0514d54-d6f7-4482-b89c-4f3d504b0e96,125000,,,t,0.00,15,t,t,273,2026-03-26 10:28:02.967077+00,2026-05-07 02:49:27.89571+00,,,f,,,,USD,1440,lab,5.0,2026-03-26,20500.0000,KHR,2026-03-26 10:29:18.19353+00,KHAC
457,ef2023c0-598a-4a43-8898-2241e3d9cedc,d5ac6269-d8cf-4821-ac8b-a6341e68987b,PNC004,Urea,Urea,,adc975e0-91f3-4c63-8e62-bf2dfd1759b9,0,,,t,0.00,30,t,t,27,2026-03-26 09:50:22.028926+00,2026-05-07 02:49:27.89571+00,,,f,,,,USD,,lab,1.25,2026-03-26,,,,KHAC
458,15b14f82-8be4-405e-a23d-183fb6f96bb4,d5ac6269-d8cf-4821-ac8b-a6341e68987b,LAB274,HCV Antigen Quantitative,HCV Antigen Quantitative,Specimen: Serum,b0514d54-d6f7-4482-b89c-4f3d504b0e96,1250000,,,t,0.00,15,t,t,274,2026-03-26 10:28:02.967077+00,2026-05-07 02:49:27.89571+00,,,f,,,,USD,,lab,50.0,2026-03-26,205000.0000,KHR,2026-03-26 10:29:18.19353+00,KHAC
459,a5684c9c-18b7-43ee-8968-e92c0f0702a4,d5ac6269-d8cf-4821-ac8b-a6341e68987b,LAB275,"HCV RNA (RT-PCR,Taqman) Quantitative","HCV RNA (RT-PCR,Taqman) Quantitative",Specimen: Serum,b0514d54-d6f7-4482-b89c-4f3d504b0e96,1500000,,,t,0.00,15,t,t,275,2026-03-26 10:28:02.967077+00,2026-05-07 02:49:27.89571+00,,,f,,,,USD,,lab,60.0,2026-03-26,246000.0000,KHR,2026-03-26 10:29:18.19353+00,KHAC
460,11197a9e-bd37-4a6f-b1e3-d3eab2618866,d5ac6269-d8cf-4821-ac8b-a6341e68987b,LAB276,"HCV RNA (Roch Cobas,Taqman) Quantitative","HCV RNA (Roch Cobas,Taqman) Quantitative",Specimen: EDTA,b0514d54-d6f7-4482-b89c-4f3d504b0e96,3250000,,,t,0.00,15,t,t,276,2026-03-26 10:28:02.967077+00,2026-05-07 02:49:27.89571+00,,,f,,,,USD,,lab,130.0,2026-03-26,533000.0000,KHR,2026-03-26 10:29:18.19353+00,KHAC
461,f8310bda-8566-4c02-aeee-4c3b2c719769,d5ac6269-d8cf-4821-ac8b-a6341e68987b,LAB277,HCV Genotype (Realtime Taqman),HCV Genotype (Realtime Taqman),Specimen: Serum,b0514d54-d6f7-4482-b89c-4f3d504b0e96,1625000,,,t,0.00,15,t,t,277,2026-03-26 10:28:02.967077+00,2026-05-07 02:49:27.89571+00,,,f,,,,USD,,lab,65.0,2026-03-26,266500.0000,KHR,2026-03-26 10:29:18.19353+00,KHAC
462,59892dee-c6af-4fad-a27b-4d4fa1d35995,d5ac6269-d8cf-4821-ac8b-a6341e68987b,LAB278,HCV Core mutation detection (NEW),HCV Core mutation detection (NEW),Specimen: EDTA,b0514d54-d6f7-4482-b89c-4f3d504b0e96,3125000,,,t,0.00,15,t,t,278,2026-03-26 10:28:02.967077+00,2026-05-07 02:49:27.89571+00,,,f,,,,USD,,lab,125.0,2026-03-26,512500.0000,KHR,2026-03-26 10:29:18.19353+00,KHAC
463,2bf51322-08b2-4f96-8486-deeccc6ccd34,d5ac6269-d8cf-4821-ac8b-a6341e68987b,LAB279,HDL Cholesterol,HDL Cholesterol,Specimen: Serum,b0514d54-d6f7-4482-b89c-4f3d504b0e96,50000,,,t,0.00,15,t,t,279,2026-03-26 10:28:02.967077+00,2026-05-07 02:49:27.89571+00,,,f,,,,USD,1440,lab,2.0,2026-03-26,8200.0000,KHR,2026-03-26 10:29:18.19353+00,KHAC
464,3beb18f8-6508-49c1-aa74-84b1cde55fb6,d5ac6269-d8cf-4821-ac8b-a6341e68987b,LAB280,HDV (Hepatitis D Virus) IgG,HDV (Hepatitis D Virus) IgG,Specimen: Serum,b0514d54-d6f7-4482-b89c-4f3d504b0e96,375000,,,t,0.00,15,t,t,280,2026-03-26 10:28:02.967077+00,2026-05-07 02:49:27.89571+00,,,f,,,,USD,,lab,15.0,2026-03-26,61500.0000,KHR,2026-03-26 10:29:18.19353+00,KHAC
465,1f15d47b-599f-4b1d-979e-e7a443101a80,d5ac6269-d8cf-4821-ac8b-a6341e68987b,LAB281,HDV (Hepatitis D Virus) IgM,HDV (Hepatitis D Virus) IgM,Specimen: Serum,b0514d54-d6f7-4482-b89c-4f3d504b0e96,375000,,,t,0.00,15,t,t,281,2026-03-26 10:28:02.967077+00,2026-05-07 02:49:27.89571+00,,,f,,,,USD,,lab,15.0,2026-03-26,61500.0000,KHR,2026-03-26 10:29:18.19353+00,KHAC
466,89b0229a-b572-4f21-8898-64e01ae5adb9,d5ac6269-d8cf-4821-ac8b-a6341e68987b,LAB282,HEV (Hepatitis E Virus) IgG,HEV (Hepatitis E Virus) IgG,Specimen: Serum,b0514d54-d6f7-4482-b89c-4f3d504b0e96,375000,,,t,0.00,15,t,t,282,2026-03-26 10:28:02.967077+00,2026-05-07 02:49:27.89571+00,,,f,,,,USD,,lab,15.0,2026-03-26,61500.0000,KHR,2026-03-26 10:29:18.19353+00,KHAC
467,d70e231e-77f2-4f6c-a9f8-d95a3fbacc22,d5ac6269-d8cf-4821-ac8b-a6341e68987b,LAB283,HEV (Hepatitis E Virus) IgM,HEV (Hepatitis E Virus) IgM,Specimen: Serum,b0514d54-d6f7-4482-b89c-4f3d504b0e96,375000,,,t,0.00,15,t,t,283,2026-03-26 10:28:02.967077+00,2026-05-07 02:49:27.89571+00,,,f,,,,USD,,lab,15.0,2026-03-26,61500.0000,KHR,2026-03-26 10:29:18.19353+00,KHAC
468,42c7dbf5-1518-4913-81c8-903f46fbeafb,d5ac6269-d8cf-4821-ac8b-a6341e68987b,LAB284,Helicobacter Pylori C13 (Urea Breasth test),Helicobacter Pylori C13 (Urea Breasth test),Specimen: At Laboratory,b0514d54-d6f7-4482-b89c-4f3d504b0e96,750000,,,t,0.00,15,t,t,284,2026-03-26 10:28:02.967077+00,2026-05-07 02:49:27.89571+00,,,f,,,,USD,1440,lab,30.0,2026-03-26,123000.0000,KHR,2026-03-26 10:29:18.19353+00,KHAC
469,ed1a3208-c0e8-4b52-ae74-cba8e6b0f23a,d5ac6269-d8cf-4821-ac8b-a6341e68987b,LAB285,Helicobacter Pylori Antigen,Helicobacter Pylori Antigen,Specimen: Stool,b0514d54-d6f7-4482-b89c-4f3d504b0e96,375000,,,t,0.00,15,t,t,285,2026-03-26 10:28:02.967077+00,2026-05-07 02:49:27.89571+00,,,f,,,,USD,1440,lab,15.0,2026-03-26,61500.0000,KHR,2026-03-26 10:29:18.19353+00,KHAC
470,531555e0-b609-4388-851b-679607b33f6e,d5ac6269-d8cf-4821-ac8b-a6341e68987b,LAB286,Helicobacter Pylori IgG,Helicobacter Pylori IgG,Specimen: Serum,b0514d54-d6f7-4482-b89c-4f3d504b0e96,125000,,,t,0.00,15,t,t,286,2026-03-26 10:28:02.967077+00,2026-05-07 02:49:27.89571+00,,,f,,,,USD,1440,lab,5.0,2026-03-26,20500.0000,KHR,2026-03-26 10:29:18.19353+00,KHAC
471,a5f57ee6-2c51-44ad-993e-4c2cfc37b1be,d5ac6269-d8cf-4821-ac8b-a6341e68987b,LAB287,Helicobacter Pylori IgM,Helicobacter Pylori IgM,Specimen: Serum,b0514d54-d6f7-4482-b89c-4f3d504b0e96,125000,,,t,0.00,15,t,t,287,2026-03-26 10:28:02.967077+00,2026-05-07 02:49:27.89571+00,,,f,,,,USD,1440,lab,5.0,2026-03-26,20500.0000,KHR,2026-03-26 10:29:18.19353+00,KHAC
472,ef0f4691-11cd-4463-ba4b-7f24af2f1ce9,d5ac6269-d8cf-4821-ac8b-a6341e68987b,LAB288,Hemoglobin A1c,Hemoglobin A1c,Specimen: EDTA,b0514d54-d6f7-4482-b89c-4f3d504b0e96,212500,,,t,0.00,15,t,t,288,2026-03-26 10:28:02.967077+00,2026-05-07 02:49:27.89571+00,,,f,,,,USD,1440,lab,8.5,2026-03-26,34850.0000,KHR,2026-03-26 10:29:18.19353+00,KHAC
473,10447261-4b3e-4daf-820b-f5a7828631c0,d5ac6269-d8cf-4821-ac8b-a6341e68987b,LAB289,Hemogram (CBC),Hemogram (CBC),Specimen: EDTA,b0514d54-d6f7-4482-b89c-4f3d504b0e96,50000,,,t,0.00,15,t,t,289,2026-03-26 10:28:02.967077+00,2026-05-07 02:49:27.89571+00,,,f,,,,USD,1440,lab,2.0,2026-03-26,8200.0000,KHR,2026-03-26 10:29:18.19353+00,KHAC
474,03560a36-fc50-4a9b-af12-d887268ada35,d5ac6269-d8cf-4821-ac8b-a6341e68987b,LAB290,"Hemosiderophilin (Sederophilin, Transferrin)","Hemosiderophilin (Sederophilin, Transferrin)",Specimen: Serum,b0514d54-d6f7-4482-b89c-4f3d504b0e96,200000,,,t,0.00,15,t,t,290,2026-03-26 10:28:02.967077+00,2026-05-07 02:49:27.89571+00,,,f,,,,USD,,lab,8.0,2026-03-26,32800.0000,KHR,2026-03-26 10:29:18.19353+00,KHAC
475,ead2e616-76e5-4925-a90d-84722c031c4c,d5ac6269-d8cf-4821-ac8b-a6341e68987b,LAB291,Heroin/Morphin/Blood,Heroin/Morphin/Blood,Specimen: EDTA,b0514d54-d6f7-4482-b89c-4f3d504b0e96,650000,,,t,0.00,15,t,t,291,2026-03-26 10:28:02.967077+00,2026-05-07 02:49:27.89571+00,,,f,,,,USD,,lab,26.0,2026-03-26,106600.0000,KHR,2026-03-26 10:29:18.19353+00,KHAC
476,b96a2bc0-5cbc-49b3-9513-f00c7eaa2936,d5ac6269-d8cf-4821-ac8b-a6341e68987b,LAB292,Heroin/Morphin/Urine,Heroin/Morphin/Urine,Specimen: Urine,b0514d54-d6f7-4482-b89c-4f3d504b0e96,125000,,,t,0.00,15,t,t,292,2026-03-26 10:28:02.967077+00,2026-05-07 02:49:27.89571+00,,,f,,,,USD,1440,lab,5.0,2026-03-26,20500.0000,KHR,2026-03-26 10:29:18.19353+00,KHAC
477,094030a6-87d9-4cda-b461-6e8581aa97bd,d5ac6269-d8cf-4821-ac8b-a6341e68987b,LAB293,hGH (Human Growth Hormone),hGH (Human Growth Hormone),Specimen: Serum,b0514d54-d6f7-4482-b89c-4f3d504b0e96,412500,,,t,0.00,15,t,t,293,2026-03-26 10:28:02.967077+00,2026-05-07 02:49:27.89571+00,,,f,,,,USD,,lab,16.5,2026-03-26,67650.0000,KHR,2026-03-26 10:29:18.19353+00,KHAC
478,593ffe8f-3a2b-4362-a136-dc68b0a1ca0e,d5ac6269-d8cf-4821-ac8b-a6341e68987b,LAB294,HIV ½ Antibody,HIV ½ Antibody,Specimen: Serum,b0514d54-d6f7-4482-b89c-4f3d504b0e96,150000,,,t,0.00,15,t,t,294,2026-03-26 10:28:02.967077+00,2026-05-07 02:49:27.89571+00,,,f,,,,USD,1440,lab,6.0,2026-03-26,24600.0000,KHR,2026-03-26 10:29:18.19353+00,KHAC
479,ac50e4ab-a957-4a8c-8330-0eb5cca610a9,d5ac6269-d8cf-4821-ac8b-a6341e68987b,LAB295,HIV Ag/Ab Combo,HIV Ag/Ab Combo,Specimen: Serum,b0514d54-d6f7-4482-b89c-4f3d504b0e96,200000,,,t,0.00,15,t,t,295,2026-03-26 10:28:02.967077+00,2026-05-07 02:49:27.89571+00,,,f,,,,USD,1440,lab,8.0,2026-03-26,32800.0000,KHR,2026-03-26 10:29:18.19353+00,KHAC
480,0e7fb813-1125-494d-82e9-3f3742e339e2,d5ac6269-d8cf-4821-ac8b-a6341e68987b,LAB296,"HIV RNA PCR (RT-PCR, Taqman) Quantitative","HIV RNA PCR (RT-PCR, Taqman) Quantitative",Specimen: EDTA,b0514d54-d6f7-4482-b89c-4f3d504b0e96,1500000,,,t,0.00,15,t,t,296,2026-03-26 10:28:02.967077+00,2026-05-07 02:49:27.89571+00,,,f,,,,USD,,lab,60.0,2026-03-26,246000.0000,KHR,2026-03-26 10:29:18.19353+00,KHAC
481,9773df5e-75eb-4556-a27a-e541b74cc65d,d5ac6269-d8cf-4821-ac8b-a6341e68987b,LAB297,HLA-B27 (Human Leukocyte Antigen),HLA-B27 (Human Leukocyte Antigen),Specimen: EDTA,b0514d54-d6f7-4482-b89c-4f3d504b0e96,2800000,,,t,0.00,15,t,t,297,2026-03-26 10:28:02.967077+00,2026-05-07 02:49:27.89571+00,,,f,,,,USD,,lab,112.0,2026-03-26,459200.0000,KHR,2026-03-26 10:29:18.19353+00,KHAC
482,bfc45394-dcf2-4b19-9316-881cd33774de,d5ac6269-d8cf-4821-ac8b-a6341e68987b,LAB298,Homocysteine total,Homocysteine total,Specimen: Serum,b0514d54-d6f7-4482-b89c-4f3d504b0e96,625000,,,t,0.00,15,t,t,298,2026-03-26 10:28:02.967077+00,2026-05-07 02:49:27.89571+00,,,f,,,,USD,,lab,25.0,2026-03-26,102500.0000,KHR,2026-03-26 10:29:18.19353+00,KHAC
483,caed240a-97dd-4538-adb0-6c8c34208986,d5ac6269-d8cf-4821-ac8b-a6341e68987b,LAB299,Hormone Parathyroid (PTH) (Hormone Parathyroid),Hormone Parathyroid (PTH) (Hormone Parathyroid),Specimen: Serum,b0514d54-d6f7-4482-b89c-4f3d504b0e96,375000,,,t,0.00,15,t,t,299,2026-03-26 10:28:02.967077+00,2026-05-07 02:49:27.89571+00,,,f,,,,USD,,lab,15.0,2026-03-26,61500.0000,KHR,2026-03-26 10:29:18.19353+00,KHAC
484,d4b83bd0-deb8-4a12-ad3f-3b30cdf36d2a,d5ac6269-d8cf-4821-ac8b-a6341e68987b,LAB300,"HPV DNA Detection (RT-PCR,Taqman)","HPV DNA Detection (RT-PCR,Taqman)",Specimen: Cervical Swab,b0514d54-d6f7-4482-b89c-4f3d504b0e96,625000,,,t,0.00,15,t,t,300,2026-03-26 10:28:02.967077+00,2026-05-07 02:49:27.89571+00,,,f,,,,USD,,lab,25.0,2026-03-26,102500.0000,KHR,2026-03-26 10:29:18.19353+00,KHAC
485,5d2366b5-cc23-46fa-8a6b-8201e32246e7,d5ac6269-d8cf-4821-ac8b-a6341e68987b,LAB301,HPV Genotype (24 most common HPV genotype),HPV Genotype (24 most common HPV genotype),Specimen: Cervical Swab,b0514d54-d6f7-4482-b89c-4f3d504b0e96,750000,,,t,0.00,15,t,t,301,2026-03-26 10:28:03.294279+00,2026-05-07 02:49:27.89571+00,,,f,,,,USD,,lab,30.0,2026-03-26,123000.0000,KHR,2026-03-26 10:29:18.19353+00,KHAC
486,77017fa0-2285-4127-805b-a6c0eead9693,d5ac6269-d8cf-4821-ac8b-a6341e68987b,LAB302,HSV 1+2 IgM (Herpes Simplex Virus),HSV 1+2 IgM (Herpes Simplex Virus),Specimen: Serum,b0514d54-d6f7-4482-b89c-4f3d504b0e96,625000,,,t,0.00,15,t,t,302,2026-03-26 10:28:03.294279+00,2026-05-07 02:49:27.89571+00,,,f,,,,USD,,lab,25.0,2026-03-26,102500.0000,KHR,2026-03-26 10:29:18.19353+00,KHAC
487,f6849a73-b726-4708-b211-a4b428a189ca,d5ac6269-d8cf-4821-ac8b-a6341e68987b,LAB303,HSV 1+2 IgG (Herpes Simplex Virus),HSV 1+2 IgG (Herpes Simplex Virus),Specimen: Serum,b0514d54-d6f7-4482-b89c-4f3d504b0e96,625000,,,t,0.00,15,t,t,303,2026-03-26 10:28:03.294279+00,2026-05-07 02:49:27.89571+00,,,f,,,,USD,,lab,25.0,2026-03-26,102500.0000,KHR,2026-03-26 10:29:18.19353+00,KHAC
488,78b37f73-c775-438d-95e0-b6bb88148fb5,d5ac6269-d8cf-4821-ac8b-a6341e68987b,LAB304,hs CRP (high sensitive CRP),hs CRP (high sensitive CRP),Specimen: Serum,b0514d54-d6f7-4482-b89c-4f3d504b0e96,62500,,,t,0.00,15,t,t,304,2026-03-26 10:28:03.294279+00,2026-05-07 02:49:27.89571+00,,,f,,,,USD,1440,lab,2.5,2026-03-26,10250.0000,KHR,2026-03-26 10:29:18.19353+00,KHAC
489,f088d132-c8fd-4ce1-8a85-524734a0e4c6,d5ac6269-d8cf-4821-ac8b-a6341e68987b,PNC005,Creatinine,Creatinine,,adc975e0-91f3-4c63-8e62-bf2dfd1759b9,0,,,t,0.00,30,t,t,28,2026-03-26 09:50:22.028926+00,2026-05-07 02:49:27.89571+00,,,f,,,,USD,,lab,1.25,2026-03-26,,,,KHAC
490,708dd6fe-d81a-4a88-aab2-8fe27b3f604e,d5ac6269-d8cf-4821-ac8b-a6341e68987b,LAB305,hs Troponin T,hs Troponin T,Specimen: Serum,b0514d54-d6f7-4482-b89c-4f3d504b0e96,375000,,,t,0.00,15,t,t,305,2026-03-26 10:28:03.294279+00,2026-05-07 02:49:27.89571+00,,,f,,,,USD,1440,lab,15.0,2026-03-26,61500.0000,KHR,2026-03-26 10:29:18.19353+00,KHAC
491,428b11a7-6bdd-49bf-ab1a-4624c9d1178c,d5ac6269-d8cf-4821-ac8b-a6341e68987b,LAB306,HTLV I/II (Human T-cell Lymphotropic Virus),HTLV I/II (Human T-cell Lymphotropic Virus),Specimen: Serum,b0514d54-d6f7-4482-b89c-4f3d504b0e96,625000,,,t,0.00,15,t,t,306,2026-03-26 10:28:03.294279+00,2026-05-07 02:49:27.89571+00,,,f,,,,USD,,lab,25.0,2026-03-26,102500.0000,KHR,2026-03-26 10:29:18.19353+00,KHAC
492,25da7682-3b24-48a0-b0d8-64b353239d77,d5ac6269-d8cf-4821-ac8b-a6341e68987b,LAB307,ICA (Islet Cell Autoantibody),ICA (Islet Cell Autoantibody),Specimen: Serum,b0514d54-d6f7-4482-b89c-4f3d504b0e96,1000000,,,t,0.00,15,t,t,307,2026-03-26 10:28:03.294279+00,2026-05-07 02:49:27.89571+00,,,f,,,,USD,,lab,40.0,2026-03-26,164000.0000,KHR,2026-03-26 10:29:18.19353+00,KHAC
493,63eef67c-6f24-4cf5-acc6-748463f59215,d5ac6269-d8cf-4821-ac8b-a6341e68987b,LAB308,IFN (Interferon Gamma),IFN (Interferon Gamma),Specimen: Serum,b0514d54-d6f7-4482-b89c-4f3d504b0e96,1250000,,,t,0.00,15,t,t,308,2026-03-26 10:28:03.294279+00,2026-05-07 02:49:27.89571+00,,,f,,,,USD,,lab,50.0,2026-03-26,205000.0000,KHR,2026-03-26 10:29:18.19353+00,KHAC
494,7a28dc3c-e7e1-4a09-8053-23ae0c3a84db,d5ac6269-d8cf-4821-ac8b-a6341e68987b,LAB309,IgA,IgA,Specimen: Serum/CSF,b0514d54-d6f7-4482-b89c-4f3d504b0e96,250000,,,t,0.00,15,t,t,309,2026-03-26 10:28:03.294279+00,2026-05-07 02:49:27.89571+00,,,f,,,,USD,,lab,10.0,2026-03-26,41000.0000,KHR,2026-03-26 10:29:18.19353+00,KHAC
495,b60f2a15-2711-42ec-a0cb-3366c1dde91c,d5ac6269-d8cf-4821-ac8b-a6341e68987b,LAB310,IgE Total,IgE Total,Specimen: Serum,b0514d54-d6f7-4482-b89c-4f3d504b0e96,250000,,,t,0.00,15,t,t,310,2026-03-26 10:28:03.294279+00,2026-05-07 02:49:27.89571+00,,,f,,,,USD,1440,lab,10.0,2026-03-26,41000.0000,KHR,2026-03-26 10:29:18.19353+00,KHAC
496,bdaba801-2c43-4792-a42a-77ea1c821d2b,d5ac6269-d8cf-4821-ac8b-a6341e68987b,LAB311,IgG,IgG,Specimen: Serum/CSF,b0514d54-d6f7-4482-b89c-4f3d504b0e96,250000,,,t,0.00,15,t,t,311,2026-03-26 10:28:03.294279+00,2026-05-07 02:49:27.89571+00,,,f,,,,USD,,lab,10.0,2026-03-26,41000.0000,KHR,2026-03-26 10:29:18.19353+00,KHAC
497,cb7f32ed-a325-4020-a640-5dd15afaf2c0,d5ac6269-d8cf-4821-ac8b-a6341e68987b,LAB312,IgM,IgM,Specimen: Serum/CSF,b0514d54-d6f7-4482-b89c-4f3d504b0e96,250000,,,t,0.00,15,t,t,312,2026-03-26 10:28:03.294279+00,2026-05-07 02:49:27.89571+00,,,f,,,,USD,,lab,10.0,2026-03-26,41000.0000,KHR,2026-03-26 10:29:18.19353+00,KHAC
498,11f75cd1-8234-42c0-a047-a98e9bcfae29,d5ac6269-d8cf-4821-ac8b-a6341e68987b,LAB313,IGF 1 (Insulin like Growth Factor I),IGF 1 (Insulin like Growth Factor I),Specimen: Serum,b0514d54-d6f7-4482-b89c-4f3d504b0e96,375000,,,t,0.00,15,t,t,313,2026-03-26 10:28:03.294279+00,2026-05-07 02:49:27.89571+00,,,f,,,,USD,,lab,15.0,2026-03-26,61500.0000,KHR,2026-03-26 10:29:18.19353+00,KHAC
499,01399d89-ea2a-45c6-a5e8-6ad7e62cf849,d5ac6269-d8cf-4821-ac8b-a6341e68987b,LAB314,IGRA (Interferon-Gamma Release Assays) (Quantiferon),IGRA (Interferon-Gamma Release Assays) (Quantiferon),Specimen: Lithium Heparin 4 ml,b0514d54-d6f7-4482-b89c-4f3d504b0e96,4000000,,,t,0.00,15,t,t,314,2026-03-26 10:28:03.294279+00,2026-05-07 02:49:27.89571+00,,,f,,,,USD,,lab,160.0,2026-03-26,656000.0000,KHR,2026-03-26 10:29:18.19353+00,KHAC
500,a0059f24-5ee7-4899-9bb4-528dc673ffa8,d5ac6269-d8cf-4821-ac8b-a6341e68987b,LAB315,IL 28B (Human Interleukin 28 B),IL 28B (Human Interleukin 28 B),Specimen: EDTA,b0514d54-d6f7-4482-b89c-4f3d504b0e96,1750000,,,t,0.00,15,t,t,315,2026-03-26 10:28:03.294279+00,2026-05-07 02:49:27.89571+00,,,f,,,,USD,,lab,70.0,2026-03-26,287000.0000,KHR,2026-03-26 10:29:18.19353+00,KHAC
501,688862a7-191f-4187-b098-11dc621a78c6,d5ac6269-d8cf-4821-ac8b-a6341e68987b,LAB316,"Immunofixation Electrophoresis (Kappa, Lambda light chain)","Immunofixation Electrophoresis (Kappa, Lambda light chain)",Specimen: Serum 1 ml,b0514d54-d6f7-4482-b89c-4f3d504b0e96,2000000,,,t,0.00,15,t,t,316,2026-03-26 10:28:03.294279+00,2026-05-07 02:49:27.89571+00,,,f,,,,USD,,lab,80.0,2026-03-26,328000.0000,KHR,2026-03-26 10:29:18.19353+00,KHAC
502,40d06104-b3f5-4b39-a1b1-29ba753b149b,d5ac6269-d8cf-4821-ac8b-a6341e68987b,LAB317,"INR (TQ), (PT)","INR (TQ), (PT)",Specimen: 3.8% Sodium Citrate Plasma,b0514d54-d6f7-4482-b89c-4f3d504b0e96,75000,,,t,0.00,15,t,t,317,2026-03-26 10:28:03.294279+00,2026-05-07 02:49:27.89571+00,,,f,,,,USD,1440,lab,3.0,2026-03-26,12300.0000,KHR,2026-03-26 10:29:18.19353+00,KHAC
503,20f8b1e5-e1ae-4e27-bca2-a52fad616a25,d5ac6269-d8cf-4821-ac8b-a6341e68987b,LAB318,Insulin (Fasting),Insulin (Fasting),Specimen: Serum,b0514d54-d6f7-4482-b89c-4f3d504b0e96,250000,,,t,0.00,15,t,t,318,2026-03-26 10:28:03.294279+00,2026-05-07 02:49:27.89571+00,,,f,,,,USD,1440,lab,10.0,2026-03-26,41000.0000,KHR,2026-03-26 10:29:18.19353+00,KHAC
504,02886abe-08a0-4d0c-bb35-e97f2a65f803,d5ac6269-d8cf-4821-ac8b-a6341e68987b,LAB319,Interleukin 2 (IL 2),Interleukin 2 (IL 2),Specimen: Serum,b0514d54-d6f7-4482-b89c-4f3d504b0e96,1375000,,,t,0.00,15,t,t,319,2026-03-26 10:28:03.294279+00,2026-05-07 02:49:27.89571+00,,,f,,,,USD,,lab,55.0,2026-03-26,225500.0000,KHR,2026-03-26 10:29:18.19353+00,KHAC
505,d7744f2a-a0f6-4702-b2a7-c5b54dd8ec9e,d5ac6269-d8cf-4821-ac8b-a6341e68987b,LAB320,Interleukin 6 (IL 6),Interleukin 6 (IL 6),Specimen: Serum,b0514d54-d6f7-4482-b89c-4f3d504b0e96,1375000,,,t,0.00,15,t,t,320,2026-03-26 10:28:03.294279+00,2026-05-07 02:49:27.89571+00,,,f,,,,USD,,lab,55.0,2026-03-26,225500.0000,KHR,2026-03-26 10:29:18.19353+00,KHAC
506,eb64373c-255f-4b6a-a33f-e465cb1aa84c,d5ac6269-d8cf-4821-ac8b-a6341e68987b,LAB321,Interleukin 10 (IL 10),Interleukin 10 (IL 10),Specimen: Serum,b0514d54-d6f7-4482-b89c-4f3d504b0e96,1375000,,,t,0.00,15,t,t,321,2026-03-26 10:28:03.294279+00,2026-05-07 02:49:27.89571+00,,,f,,,,USD,,lab,55.0,2026-03-26,225500.0000,KHR,2026-03-26 10:29:18.19353+00,KHAC
507,6df3487d-cb1c-4f69-8cd5-fa124ecb8c3a,d5ac6269-d8cf-4821-ac8b-a6341e68987b,LAB322,Interleukin 12 (IL 12),Interleukin 12 (IL 12),Specimen: Serum,b0514d54-d6f7-4482-b89c-4f3d504b0e96,1375000,,,t,0.00,15,t,t,322,2026-03-26 10:28:03.294279+00,2026-05-07 02:49:27.89571+00,,,f,,,,USD,,lab,55.0,2026-03-26,225500.0000,KHR,2026-03-26 10:29:18.19353+00,KHAC
508,1f2cdfee-3cb4-425e-9fce-20dcbb3abfe6,d5ac6269-d8cf-4821-ac8b-a6341e68987b,LAB323,Interleukin 17A (IL 17A),Interleukin 17A (IL 17A),Specimen: Serum,b0514d54-d6f7-4482-b89c-4f3d504b0e96,875000,,,t,0.00,15,t,t,323,2026-03-26 10:28:03.294279+00,2026-05-07 02:49:27.89571+00,,,f,,,,USD,,lab,35.0,2026-03-26,143500.0000,KHR,2026-03-26 10:29:18.19353+00,KHAC
509,5d87d309-8474-4396-8f25-a55c9efde878,d5ac6269-d8cf-4821-ac8b-a6341e68987b,LAB324,"Ionogram (Na+, K+, Cl-)","Ionogram (Na+, K+, Cl-)",Specimen: Serum,b0514d54-d6f7-4482-b89c-4f3d504b0e96,62500,,,t,0.00,15,t,t,324,2026-03-26 10:28:03.294279+00,2026-05-07 02:49:27.89571+00,,,f,,,,USD,1440,lab,2.5,2026-03-26,10250.0000,KHR,2026-03-26 10:29:18.19353+00,KHAC
510,a7ac0853-3b27-414c-b9eb-08b8766b4545,d5ac6269-d8cf-4821-ac8b-a6341e68987b,LAB325,"Ionogram (Na+, K+, Cl-)","Ionogram (Na+, K+, Cl-)",Specimen: Urine,b0514d54-d6f7-4482-b89c-4f3d504b0e96,125000,,,t,0.00,15,t,t,325,2026-03-26 10:28:03.294279+00,2026-05-07 02:49:27.89571+00,,,f,,,,USD,1440,lab,5.0,2026-03-26,20500.0000,KHR,2026-03-26 10:29:18.19353+00,KHAC
511,1f1dd9bc-fddc-4dca-9508-09fda463b1b2,d5ac6269-d8cf-4821-ac8b-a6341e68987b,LAB326,Iron / Fer Serum,Iron / Fer Serum,Specimen: Serum,b0514d54-d6f7-4482-b89c-4f3d504b0e96,50000,,,t,0.00,15,t,t,326,2026-03-26 10:28:03.294279+00,2026-05-07 02:49:27.89571+00,,,f,,,,USD,1440,lab,2.0,2026-03-26,8200.0000,KHR,2026-03-26 10:29:18.19353+00,KHAC
512,16171406-e833-45c3-88b4-971c266f8e91,d5ac6269-d8cf-4821-ac8b-a6341e68987b,LAB327,Japanese Encephalitis IgM,Japanese Encephalitis IgM,Specimen: Serum,b0514d54-d6f7-4482-b89c-4f3d504b0e96,1125000,,,t,0.00,15,t,t,327,2026-03-26 10:28:03.294279+00,2026-05-07 02:49:27.89571+00,,,f,,,,USD,,lab,45.0,2026-03-26,184500.0000,KHR,2026-03-26 10:29:18.19353+00,KHAC
513,b644d4b9-f08e-45fd-b36a-1fdb4cc9b563,d5ac6269-d8cf-4821-ac8b-a6341e68987b,LAB328,Japanese Encephalitis IgG,Japanese Encephalitis IgG,Specimen: Serum,b0514d54-d6f7-4482-b89c-4f3d504b0e96,1125000,,,t,0.00,15,t,t,328,2026-03-26 10:28:03.294279+00,2026-05-07 02:49:27.89571+00,,,f,,,,USD,,lab,45.0,2026-03-26,184500.0000,KHR,2026-03-26 10:29:18.19353+00,KHAC
514,5e9635f6-a432-4ca6-8f50-deae88c71411,d5ac6269-d8cf-4821-ac8b-a6341e68987b,LAB329,Janus Kinase 2 (Jak 2 V617F mutation) NEW,Janus Kinase 2 (Jak 2 V617F mutation) NEW,Specimen: Serum,b0514d54-d6f7-4482-b89c-4f3d504b0e96,7000000,,,t,0.00,15,t,t,329,2026-03-26 10:28:03.294279+00,2026-05-07 02:49:27.89571+00,,,f,,,,USD,,lab,280.0,2026-03-26,1148000.0000,KHR,2026-03-26 10:29:18.19353+00,KHAC
515,7a522b1b-641c-45e1-91ae-e983b687f04f,d5ac6269-d8cf-4821-ac8b-a6341e68987b,LAB330,"KRAS (Kristen RAt Sarcoma) (Lung, Pancreas, Colon cancer)","KRAS (Kristen RAt Sarcoma) (Lung, Pancreas, Colon cancer)",Specimen: EDTA,b0514d54-d6f7-4482-b89c-4f3d504b0e96,11250000,,,t,0.00,15,t,t,330,2026-03-26 10:28:03.294279+00,2026-05-07 02:49:27.89571+00,,,f,,,,USD,,lab,450.0,2026-03-26,1845000.0000,KHR,2026-03-26 10:29:18.19353+00,KHAC
516,782bbc8f-fb96-4cd0-a890-226c21a47016,d5ac6269-d8cf-4821-ac8b-a6341e68987b,LAB331,"Kappa, Lambda light chain (Immunofixation Electrophoresis)","Kappa, Lambda light chain (Immunofixation Electrophoresis)",Specimen: Serum,b0514d54-d6f7-4482-b89c-4f3d504b0e96,2000000,,,t,0.00,15,t,t,331,2026-03-26 10:28:03.294279+00,2026-05-07 02:49:27.89571+00,,,f,,,,USD,,lab,80.0,2026-03-26,328000.0000,KHR,2026-03-26 10:29:18.19353+00,KHAC
517,01087589-aed0-4ea8-9916-98a611a3e426,d5ac6269-d8cf-4821-ac8b-a6341e68987b,LAB332,Kappa & Lambda FLC (free light chains type kappa&lambda),Kappa & Lambda FLC (free light chains type kappa&lambda),Specimen: Serum,b0514d54-d6f7-4482-b89c-4f3d504b0e96,3250000,,,t,0.00,15,t,t,332,2026-03-26 10:28:03.294279+00,2026-05-07 02:49:27.89571+00,,,f,,,,USD,,lab,130.0,2026-03-26,533000.0000,KHR,2026-03-26 10:29:18.19353+00,KHAC
518,59cc5a83-df6e-4adb-9599-e135d97b2a12,d5ac6269-d8cf-4821-ac8b-a6341e68987b,LAB333,"Keton (Ceton), (Aceton)","Keton (Ceton), (Aceton)",Specimen: Serum,b0514d54-d6f7-4482-b89c-4f3d504b0e96,125000,,,t,0.00,15,t,t,333,2026-03-26 10:28:03.294279+00,2026-05-07 02:49:27.89571+00,,,f,,,,USD,,lab,5.0,2026-03-26,20500.0000,KHR,2026-03-26 10:29:18.19353+00,KHAC
519,e6a7f6a2-6dd6-4ea7-b47b-36a519dc8c10,d5ac6269-d8cf-4821-ac8b-a6341e68987b,LAB334,"Keton (Ceton), (Aceton)","Keton (Ceton), (Aceton)",Specimen: Urine,b0514d54-d6f7-4482-b89c-4f3d504b0e96,125000,,,t,0.00,15,t,t,334,2026-03-26 10:28:03.294279+00,2026-05-07 02:49:27.89571+00,,,f,,,,USD,1440,lab,5.0,2026-03-26,20500.0000,KHR,2026-03-26 10:29:18.19353+00,KHAC
520,7f6b6143-62ba-4138-a90d-a74a8f0ae57b,d5ac6269-d8cf-4821-ac8b-a6341e68987b,LAB335,Lactic Acid (Lactate),Lactic Acid (Lactate),Specimen: EDTA,b0514d54-d6f7-4482-b89c-4f3d504b0e96,125000,,,t,0.00,15,t,t,335,2026-03-26 10:28:03.294279+00,2026-05-07 02:49:27.89571+00,,,f,,,,USD,,lab,5.0,2026-03-26,20500.0000,KHR,2026-03-26 10:29:18.19353+00,KHAC
521,7a1dacf1-c85b-4b83-bda6-bd43a027356d,d5ac6269-d8cf-4821-ac8b-a6341e68987b,PNC006,Calcium,Calcium,,adc975e0-91f3-4c63-8e62-bf2dfd1759b9,0,,,t,0.00,30,t,t,29,2026-03-26 09:50:22.028926+00,2026-05-07 02:49:27.89571+00,,,f,,,,USD,,lab,1.0,2026-03-26,,,,KHAC
522,cd1e9c1c-db80-4e98-a84a-a8d60bcb2e20,d5ac6269-d8cf-4821-ac8b-a6341e68987b,LAB336,LC1 (Autoimmunr liver disease antibody),LC1 (Autoimmunr liver disease antibody),Specimen: Serum,b0514d54-d6f7-4482-b89c-4f3d504b0e96,8750000,,,t,0.00,15,t,t,336,2026-03-26 10:28:03.294279+00,2026-05-07 02:49:27.89571+00,,,f,,,,USD,,lab,350.0,2026-03-26,1435000.0000,KHR,2026-03-26 10:29:18.19353+00,KHAC
523,cc098ef0-b61a-4a37-ad73-9574e0783c18,d5ac6269-d8cf-4821-ac8b-a6341e68987b,LAB337,LDH (Lactate Dehydrogenase),LDH (Lactate Dehydrogenase),Specimen: Serum/Fluid,b0514d54-d6f7-4482-b89c-4f3d504b0e96,50000,,,t,0.00,15,t,t,337,2026-03-26 10:28:03.294279+00,2026-05-07 02:49:27.89571+00,,,f,,,,USD,1440,lab,2.0,2026-03-26,8200.0000,KHR,2026-03-26 10:29:18.19353+00,KHAC
524,86aee250-f28b-4c94-9c64-e0239f9058ff,d5ac6269-d8cf-4821-ac8b-a6341e68987b,LAB338,LDL Cholesterol,LDL Cholesterol,Specimen: Serum,b0514d54-d6f7-4482-b89c-4f3d504b0e96,50000,,,t,0.00,15,t,t,338,2026-03-26 10:28:03.294279+00,2026-05-07 02:49:27.89571+00,,,f,,,,USD,1440,lab,2.0,2026-03-26,8200.0000,KHR,2026-03-26 10:29:18.19353+00,KHAC
525,3b6bd977-2589-47b8-a8e0-dba7eb6a4d85,d5ac6269-d8cf-4821-ac8b-a6341e68987b,LAB339,Lead (Pb/Plomb),Lead (Pb/Plomb),Specimen: EDTA,b0514d54-d6f7-4482-b89c-4f3d504b0e96,625000,,,t,0.00,15,t,t,339,2026-03-26 10:28:03.294279+00,2026-05-07 02:49:27.89571+00,,,f,,,,USD,,lab,25.0,2026-03-26,102500.0000,KHR,2026-03-26 10:29:18.19353+00,KHAC
526,e5076ecd-93e7-4224-8a02-dcbc38e9823e,d5ac6269-d8cf-4821-ac8b-a6341e68987b,LAB340,LE Cell,LE Cell,Specimen: Serum,b0514d54-d6f7-4482-b89c-4f3d504b0e96,150000,,,t,0.00,15,t,t,340,2026-03-26 10:28:03.294279+00,2026-05-07 02:49:27.89571+00,,,f,,,,USD,,lab,6.0,2026-03-26,24600.0000,KHR,2026-03-26 10:29:18.19353+00,KHAC
527,c6f48060-9f34-43cd-8027-e69a77c24d11,d5ac6269-d8cf-4821-ac8b-a6341e68987b,LAB341,Legionella Pneumophila IgG,Legionella Pneumophila IgG,Specimen: Serum,b0514d54-d6f7-4482-b89c-4f3d504b0e96,375000,,,t,0.00,15,t,t,341,2026-03-26 10:28:03.294279+00,2026-05-07 02:49:27.89571+00,,,f,,,,USD,,lab,15.0,2026-03-26,61500.0000,KHR,2026-03-26 10:29:18.19353+00,KHAC
528,3e00e256-3b40-46c3-99c6-005810f18a15,d5ac6269-d8cf-4821-ac8b-a6341e68987b,LAB342,Legionella Pneumophila IgM,Legionella Pneumophila IgM,Specimen: Serum,b0514d54-d6f7-4482-b89c-4f3d504b0e96,375000,,,t,0.00,15,t,t,342,2026-03-26 10:28:03.294279+00,2026-05-07 02:49:27.89571+00,,,f,,,,USD,,lab,15.0,2026-03-26,61500.0000,KHR,2026-03-26 10:29:18.19353+00,KHAC
529,0d28957c-ae11-4b56-b55c-09634e75e920,d5ac6269-d8cf-4821-ac8b-a6341e68987b,LAB343,Leptin,Leptin,Specimen: Serum,b0514d54-d6f7-4482-b89c-4f3d504b0e96,375000,,,t,0.00,15,t,t,343,2026-03-26 10:28:03.294279+00,2026-05-07 02:49:27.89571+00,,,f,,,,USD,,lab,15.0,2026-03-26,61500.0000,KHR,2026-03-26 10:29:18.19353+00,KHAC
530,9a8fad94-4b0c-44b4-a38f-69b58cf72f1d,d5ac6269-d8cf-4821-ac8b-a6341e68987b,LAB344,Leptospira-IgG,Leptospira-IgG,Specimen: Serum,b0514d54-d6f7-4482-b89c-4f3d504b0e96,375000,,,t,0.00,15,t,t,344,2026-03-26 10:28:03.294279+00,2026-05-07 02:49:27.89571+00,,,f,,,,USD,,lab,15.0,2026-03-26,61500.0000,KHR,2026-03-26 10:29:18.19353+00,KHAC
531,a4888e62-8249-4116-89cf-b504c1b60831,d5ac6269-d8cf-4821-ac8b-a6341e68987b,LAB345,Leptospira-IgM,Leptospira-IgM,Specimen: Serum,b0514d54-d6f7-4482-b89c-4f3d504b0e96,375000,,,t,0.00,15,t,t,345,2026-03-26 10:28:03.294279+00,2026-05-07 02:49:27.89571+00,,,f,,,,USD,,lab,15.0,2026-03-26,61500.0000,KHR,2026-03-26 10:29:18.19353+00,KHAC
532,82adc17e-baf1-47cb-b552-0ca160314b13,d5ac6269-d8cf-4821-ac8b-a6341e68987b,LAB346,LH (Luteinizing Hormone),LH (Luteinizing Hormone),Specimen: Serum,b0514d54-d6f7-4482-b89c-4f3d504b0e96,312500,,,t,0.00,15,t,t,346,2026-03-26 10:28:03.294279+00,2026-05-07 02:49:27.89571+00,,,f,,,,USD,1440,lab,12.5,2026-03-26,51250.0000,KHR,2026-03-26 10:29:18.19353+00,KHAC
533,32b2b337-94ed-43e8-a422-f1283c2d69e9,d5ac6269-d8cf-4821-ac8b-a6341e68987b,LAB347,Lipase,Lipase,Specimen: Serum,b0514d54-d6f7-4482-b89c-4f3d504b0e96,150000,,,t,0.00,15,t,t,347,2026-03-26 10:28:03.294279+00,2026-05-07 02:49:27.89571+00,,,f,,,,USD,1440,lab,6.0,2026-03-26,24600.0000,KHR,2026-03-26 10:29:18.19353+00,KHAC
534,e93eb8ac-d34b-491b-8e0d-7bec13186f3b,d5ac6269-d8cf-4821-ac8b-a6341e68987b,LAB348,Lipoprotein APO-A1,Lipoprotein APO-A1,Specimen: Serum,b0514d54-d6f7-4482-b89c-4f3d504b0e96,250000,,,t,0.00,15,t,t,348,2026-03-26 10:28:03.294279+00,2026-05-07 02:49:27.89571+00,,,f,,,,USD,,lab,10.0,2026-03-26,41000.0000,KHR,2026-03-26 10:29:18.19353+00,KHAC
535,85437ad9-6c94-4cd7-a6d7-2e35f8c0ff0b,d5ac6269-d8cf-4821-ac8b-a6341e68987b,LAB349,Lipoprotein APO-B,Lipoprotein APO-B,Specimen: Serum,b0514d54-d6f7-4482-b89c-4f3d504b0e96,250000,,,t,0.00,15,t,t,349,2026-03-26 10:28:03.294279+00,2026-05-07 02:49:27.89571+00,,,f,,,,USD,,lab,10.0,2026-03-26,41000.0000,KHR,2026-03-26 10:29:18.19353+00,KHAC
536,188dc8f7-c66d-4858-8326-09ceafa88d7c,d5ac6269-d8cf-4821-ac8b-a6341e68987b,LAB350,LKM-1 (Liver Kidney Microsomal),LKM-1 (Liver Kidney Microsomal),Specimen: Serum,b0514d54-d6f7-4482-b89c-4f3d504b0e96,375000,,,t,0.00,15,t,t,350,2026-03-26 10:28:03.294279+00,2026-05-07 02:49:27.89571+00,,,f,,,,USD,,lab,15.0,2026-03-26,61500.0000,KHR,2026-03-26 10:29:18.19353+00,KHAC
537,9c551f15-887f-4ff3-9fa7-6ffcf34da221,d5ac6269-d8cf-4821-ac8b-a6341e68987b,LAB351,M2BPGi (Mac-2-binding protein glycosylation isomer) (NEW),M2BPGi (Mac-2-binding protein glycosylation isomer) (NEW),Specimen: Serum,b0514d54-d6f7-4482-b89c-4f3d504b0e96,1500000,,,t,0.00,15,t,t,351,2026-03-26 10:28:03.294279+00,2026-05-07 02:49:27.89571+00,,,f,,,,USD,,lab,60.0,2026-03-26,246000.0000,KHR,2026-03-26 10:29:18.19353+00,KHAC
538,fe88460b-ac61-4644-9339-9d5a60f6940d,d5ac6269-d8cf-4821-ac8b-a6341e68987b,LAB352,Magnesium,Magnesium,Specimen: Serum,b0514d54-d6f7-4482-b89c-4f3d504b0e96,37500,,,t,0.00,15,t,t,352,2026-03-26 10:28:03.294279+00,2026-05-07 02:49:27.89571+00,,,f,,,,USD,1440,lab,1.5,2026-03-26,6150.0000,KHR,2026-03-26 10:29:18.19353+00,KHAC
539,10655c34-7fbb-4c15-a1b5-8569f8ffd7c8,d5ac6269-d8cf-4821-ac8b-a6341e68987b,LAB353,Magnesium,Magnesium,Specimen: Urine,b0514d54-d6f7-4482-b89c-4f3d504b0e96,75000,,,t,0.00,15,t,t,353,2026-03-26 10:28:03.294279+00,2026-05-07 02:49:27.89571+00,,,f,,,,USD,1440,lab,3.0,2026-03-26,12300.0000,KHR,2026-03-26 10:29:18.19353+00,KHAC
540,0e477815-3aed-457f-8a8d-00940ef0e810,d5ac6269-d8cf-4821-ac8b-a6341e68987b,LAB354,Malaria Blood (Ag P.f/P.v),Malaria Blood (Ag P.f/P.v),Specimen: EDTA,b0514d54-d6f7-4482-b89c-4f3d504b0e96,93750,,,t,0.00,15,t,t,354,2026-03-26 10:28:03.294279+00,2026-05-07 02:49:27.89571+00,,,f,,,,USD,1440,lab,3.75,2026-03-26,15375.0000,KHR,2026-03-26 10:29:18.19353+00,KHAC
541,8319ff14-829b-4262-9a35-109d5f5f5550,d5ac6269-d8cf-4821-ac8b-a6341e68987b,LAB355,Measles IgG,Measles IgG,Specimen: Serum,b0514d54-d6f7-4482-b89c-4f3d504b0e96,625000,,,t,0.00,15,t,t,355,2026-03-26 10:28:03.294279+00,2026-05-07 02:49:27.89571+00,,,f,,,,USD,,lab,25.0,2026-03-26,102500.0000,KHR,2026-03-26 10:29:18.19353+00,KHAC
542,b378dd6d-6517-4e67-be05-78900bb31354,d5ac6269-d8cf-4821-ac8b-a6341e68987b,LAB356,Measles IgM,Measles IgM,Specimen: Serum,b0514d54-d6f7-4482-b89c-4f3d504b0e96,625000,,,t,0.00,15,t,t,356,2026-03-26 10:28:03.294279+00,2026-05-07 02:49:27.89571+00,,,f,,,,USD,,lab,25.0,2026-03-26,102500.0000,KHR,2026-03-26 10:29:18.19353+00,KHAC
543,9ec150e0-fe90-4f8e-b7df-bd248c84dc88,d5ac6269-d8cf-4821-ac8b-a6341e68987b,LAB357,Metanephrine,Metanephrine,Specimen: EDTA,b0514d54-d6f7-4482-b89c-4f3d504b0e96,1000000,,,t,0.00,15,t,t,357,2026-03-26 10:28:03.294279+00,2026-05-07 02:49:27.89571+00,,,f,,,,USD,,lab,40.0,2026-03-26,164000.0000,KHR,2026-03-26 10:29:18.19353+00,KHAC
544,0cefda17-5106-410d-91b5-be6a5bd759b5,d5ac6269-d8cf-4821-ac8b-a6341e68987b,LAB358,Methamphetamine,Methamphetamine,Specimen: Urine,b0514d54-d6f7-4482-b89c-4f3d504b0e96,125000,,,t,0.00,15,t,t,358,2026-03-26 10:28:03.294279+00,2026-05-07 02:49:27.89571+00,,,f,,,,USD,1440,lab,5.0,2026-03-26,20500.0000,KHR,2026-03-26 10:29:18.19353+00,KHAC
545,fcb3fe4b-2b19-483f-8523-abf5a38a243e,d5ac6269-d8cf-4821-ac8b-a6341e68987b,LAB359,Micro. Albumin (Quantitative),Micro. Albumin (Quantitative),Specimen: Urine,b0514d54-d6f7-4482-b89c-4f3d504b0e96,200000,,,t,0.00,15,t,t,359,2026-03-26 10:28:03.294279+00,2026-05-07 02:49:27.89571+00,,,f,,,,USD,1440,lab,8.0,2026-03-26,32800.0000,KHR,2026-03-26 10:29:18.19353+00,KHAC
546,5575220b-e36e-4a2f-9c6e-e4b1d241358e,d5ac6269-d8cf-4821-ac8b-a6341e68987b,LAB360,"Morphin, Heroin, Opiates","Morphin, Heroin, Opiates",Specimen: Urine,b0514d54-d6f7-4482-b89c-4f3d504b0e96,125000,,,t,0.00,15,t,t,360,2026-03-26 10:28:03.294279+00,2026-05-07 02:49:27.89571+00,,,f,,,,USD,1440,lab,5.0,2026-03-26,20500.0000,KHR,2026-03-26 10:29:18.19353+00,KHAC
547,e259b745-2eff-4bde-8bd0-9b3b58591c1d,d5ac6269-d8cf-4821-ac8b-a6341e68987b,LAB361,"Morphin, Heroin","Morphin, Heroin",Specimen: Serum,b0514d54-d6f7-4482-b89c-4f3d504b0e96,375000,,,t,0.00,15,t,t,361,2026-03-26 10:28:03.294279+00,2026-05-07 02:49:27.89571+00,,,f,,,,USD,,lab,15.0,2026-03-26,61500.0000,KHR,2026-03-26 10:29:18.19353+00,KHAC
548,52b4485e-e706-4c70-a577-0b5f1f21babd,d5ac6269-d8cf-4821-ac8b-a6341e68987b,LAB362,Mumps Virus-IgG,Mumps Virus-IgG,Specimen: Serum,b0514d54-d6f7-4482-b89c-4f3d504b0e96,625000,,,t,0.00,15,t,t,362,2026-03-26 10:28:03.294279+00,2026-05-07 02:49:27.89571+00,,,f,,,,USD,,lab,25.0,2026-03-26,102500.0000,KHR,2026-03-26 10:29:18.19353+00,KHAC
549,5f4c70b3-2546-4872-926d-68022503de30,d5ac6269-d8cf-4821-ac8b-a6341e68987b,LAB363,Mumps Virus-IgM,Mumps Virus-IgM,Specimen: Serum,b0514d54-d6f7-4482-b89c-4f3d504b0e96,625000,,,t,0.00,15,t,t,363,2026-03-26 10:28:03.294279+00,2026-05-07 02:49:27.89571+00,,,f,,,,USD,,lab,25.0,2026-03-26,102500.0000,KHR,2026-03-26 10:29:18.19353+00,KHAC
550,6330aac1-07c2-405c-9592-b7bb4ac03147,d5ac6269-d8cf-4821-ac8b-a6341e68987b,LAB364,Mycoplasma pneumonia IgG,Mycoplasma pneumonia IgG,Specimen: Serum,b0514d54-d6f7-4482-b89c-4f3d504b0e96,625000,,,t,0.00,15,t,t,364,2026-03-26 10:28:03.294279+00,2026-05-07 02:49:27.89571+00,,,f,,,,USD,,lab,25.0,2026-03-26,102500.0000,KHR,2026-03-26 10:29:18.19353+00,KHAC
551,77b30269-b2ce-4cf6-b7fc-bfab95ff7077,d5ac6269-d8cf-4821-ac8b-a6341e68987b,LAB365,Mycoplasma pneumonia IgM,Mycoplasma pneumonia IgM,Specimen: Serum,b0514d54-d6f7-4482-b89c-4f3d504b0e96,625000,,,t,0.00,15,t,t,365,2026-03-26 10:28:03.294279+00,2026-05-07 02:49:27.89571+00,,,f,,,,USD,,lab,25.0,2026-03-26,102500.0000,KHR,2026-03-26 10:29:18.19353+00,KHAC
552,494581a3-ad52-4442-baab-d133f63c7d5f,d5ac6269-d8cf-4821-ac8b-a6341e68987b,LAB366,Myelogram (Bone marrow examination) (NEW),Myelogram (Bone marrow examination) (NEW),Specimen: Bone marrow,b0514d54-d6f7-4482-b89c-4f3d504b0e96,750000,,,t,0.00,15,t,t,366,2026-03-26 10:28:03.294279+00,2026-05-07 02:49:27.89571+00,,,f,,,,USD,,lab,30.0,2026-03-26,123000.0000,KHR,2026-03-26 10:29:18.19353+00,KHAC
553,7687c77b-edb6-4ce2-8d44-e620442ae4ce,d5ac6269-d8cf-4821-ac8b-a6341e68987b,LAB367,M. Tuberculose IgG,M. Tuberculose IgG,Specimen: Serum,b0514d54-d6f7-4482-b89c-4f3d504b0e96,187500,,,t,0.00,15,t,t,367,2026-03-26 10:28:03.294279+00,2026-05-07 02:49:27.89571+00,,,f,,,,USD,1440,lab,7.5,2026-03-26,30750.0000,KHR,2026-03-26 10:29:18.19353+00,KHAC
554,ba165f6e-714b-4f63-86a8-6d7fe04c728a,d5ac6269-d8cf-4821-ac8b-a6341e68987b,LAB368,M. Tuberculose IgM,M. Tuberculose IgM,Specimen: Serum,b0514d54-d6f7-4482-b89c-4f3d504b0e96,187500,,,t,0.00,15,t,t,368,2026-03-26 10:28:03.294279+00,2026-05-07 02:49:27.89571+00,,,f,,,,USD,1440,lab,7.5,2026-03-26,30750.0000,KHR,2026-03-26 10:29:18.19353+00,KHAC
555,c82452a8-0322-46c6-8bc3-227802d45e3c,d5ac6269-d8cf-4821-ac8b-a6341e68987b,LAB369,Myoglobin,Myoglobin,Specimen: Serum,b0514d54-d6f7-4482-b89c-4f3d504b0e96,375000,,,t,0.00,15,t,t,369,2026-03-26 10:28:03.294279+00,2026-05-07 02:49:27.89571+00,,,f,,,,USD,,lab,15.0,2026-03-26,61500.0000,KHR,2026-03-26 10:29:18.19353+00,KHAC
556,51e4daf5-e5dd-4833-ba2a-8b2ee657479f,d5ac6269-d8cf-4821-ac8b-a6341e68987b,LAB370,Neisseria Gonorrhoeae and Chlamydia trachomatis DNA,Neisseria Gonorrhoeae and Chlamydia trachomatis DNA,Specimen: Urine or Cervical swabs,b0514d54-d6f7-4482-b89c-4f3d504b0e96,625000,,,t,0.00,15,t,t,370,2026-03-26 10:28:03.294279+00,2026-05-07 02:49:27.89571+00,,,f,,,,USD,,lab,25.0,2026-03-26,102500.0000,KHR,2026-03-26 10:29:18.19353+00,KHAC
557,49f4a4c4-deff-4e52-a850-a2f79a7559be,d5ac6269-d8cf-4821-ac8b-a6341e68987b,LAB371,NGAL (Neutrophil Gelatinase Associated Lipocalin),NGAL (Neutrophil Gelatinase Associated Lipocalin),Specimen: EDTA,b0514d54-d6f7-4482-b89c-4f3d504b0e96,2500000,,,t,0.00,15,t,t,371,2026-03-26 10:28:03.294279+00,2026-05-07 02:49:27.89571+00,,,f,,,,USD,,lab,100.0,2026-03-26,410000.0000,KHR,2026-03-26 10:29:18.19353+00,KHAC
558,4f513bb6-1004-4bc9-91dc-5c03091f5d3f,d5ac6269-d8cf-4821-ac8b-a6341e68987b,LAB372,NIPT (Non Invasive Prenatal Testing) from 9th week of pregnancy),NIPT (Non Invasive Prenatal Testing) from 9th week of pregnancy),Specimen: Blood in STRECK tube 10ml,b0514d54-d6f7-4482-b89c-4f3d504b0e96,11250000,,,t,0.00,15,t,t,372,2026-03-26 10:28:03.294279+00,2026-05-07 02:49:27.89571+00,,,f,,,,USD,,lab,450.0,2026-03-26,1845000.0000,KHR,2026-03-26 10:29:18.19353+00,KHAC
559,96452b22-f0fe-47d6-80cc-ca08773f59e6,d5ac6269-d8cf-4821-ac8b-a6341e68987b,LAB373,Noradrenaline,Noradrenaline,Specimen: EDTA,b0514d54-d6f7-4482-b89c-4f3d504b0e96,1500000,,,t,0.00,15,t,t,373,2026-03-26 10:28:03.294279+00,2026-05-07 02:49:27.89571+00,,,f,,,,USD,,lab,60.0,2026-03-26,246000.0000,KHR,2026-03-26 10:29:18.19353+00,KHAC
560,96af57f5-4489-4da7-a257-2dc766415993,d5ac6269-d8cf-4821-ac8b-a6341e68987b,LAB374,Normetanephrine,Normetanephrine,Specimen: EDTA,b0514d54-d6f7-4482-b89c-4f3d504b0e96,1000000,,,t,0.00,15,t,t,374,2026-03-26 10:28:03.294279+00,2026-05-07 02:49:27.89571+00,,,f,,,,USD,,lab,40.0,2026-03-26,164000.0000,KHR,2026-03-26 10:29:18.19353+00,KHAC
561,2230ddbf-ded4-40f2-a2f6-d79ada7a572b,d5ac6269-d8cf-4821-ac8b-a6341e68987b,LAB375,NT-proBNP (Pro BNP),NT-proBNP (Pro BNP),Specimen: Serum,b0514d54-d6f7-4482-b89c-4f3d504b0e96,1250000,,,t,0.00,15,t,t,375,2026-03-26 10:28:03.294279+00,2026-05-07 02:49:27.89571+00,,,f,,,,USD,,lab,50.0,2026-03-26,205000.0000,KHR,2026-03-26 10:29:18.19353+00,KHAC
562,ebbf5293-1105-478f-9362-d28265de9564,d5ac6269-d8cf-4821-ac8b-a6341e68987b,LAB376,Occult Blood (FOB),Occult Blood (FOB),Specimen: Stool,b0514d54-d6f7-4482-b89c-4f3d504b0e96,125000,,,t,0.00,15,t,t,376,2026-03-26 10:28:03.294279+00,2026-05-07 02:49:27.89571+00,,,f,,,,USD,1440,lab,5.0,2026-03-26,20500.0000,KHR,2026-03-26 10:29:18.19353+00,KHAC
563,d6c1419a-1d86-4cef-8aca-673f08f4dbe7,d5ac6269-d8cf-4821-ac8b-a6341e68987b,LAB377,Oestrogen (Estradiol) (E2),Oestrogen (Estradiol) (E2),Specimen: Serum,b0514d54-d6f7-4482-b89c-4f3d504b0e96,312500,,,t,0.00,15,t,t,377,2026-03-26 10:28:03.294279+00,2026-05-07 02:49:27.89571+00,,,f,,,,USD,1440,lab,12.5,2026-03-26,51250.0000,KHR,2026-03-26 10:29:18.19353+00,KHAC
564,c12c22a1-d8e6-4865-89fe-56db1fbd19dc,d5ac6269-d8cf-4821-ac8b-a6341e68987b,LAB378,Osteocalcin (OCN),Osteocalcin (OCN),Specimen: Serum,b0514d54-d6f7-4482-b89c-4f3d504b0e96,300000,,,t,0.00,15,t,t,378,2026-03-26 10:28:03.294279+00,2026-05-07 02:49:27.89571+00,,,f,,,,USD,,lab,12.0,2026-03-26,49200.0000,KHR,2026-03-26 10:29:18.19353+00,KHAC
565,d4a36936-0843-4e22-991b-26feedac653f,d5ac6269-d8cf-4821-ac8b-a6341e68987b,LAB379,PIVKA II (DCP),PIVKA II (DCP),Specimen: Serum,b0514d54-d6f7-4482-b89c-4f3d504b0e96,1500000,,,t,0.00,15,t,t,379,2026-03-26 10:28:03.294279+00,2026-05-07 02:49:27.89571+00,,,f,,,,USD,,lab,60.0,2026-03-26,246000.0000,KHR,2026-03-26 10:29:18.19353+00,KHAC
566,340fb3d2-b6db-4584-a7c4-6d31220a9d75,d5ac6269-d8cf-4821-ac8b-a6341e68987b,LAB380,P1NP Total (Procollagen type 1 Aminoterminal Propeptide),P1NP Total (Procollagen type 1 Aminoterminal Propeptide),Specimen: Serum,b0514d54-d6f7-4482-b89c-4f3d504b0e96,800000,,,t,0.00,15,t,t,380,2026-03-26 10:28:03.294279+00,2026-05-07 02:49:27.89571+00,,,f,,,,USD,,lab,32.0,2026-03-26,131200.0000,KHR,2026-03-26 10:29:18.19353+00,KHAC
567,3f9bec46-3588-4b3d-a4f5-b53676cd7860,d5ac6269-d8cf-4821-ac8b-a6341e68987b,LAB381,PAP Smear,PAP Smear,Specimen: Cervical Swab,b0514d54-d6f7-4482-b89c-4f3d504b0e96,375000,,,t,0.00,15,t,t,381,2026-03-26 10:28:03.294279+00,2026-05-07 02:49:27.89571+00,,,f,,,,USD,,lab,15.0,2026-03-26,61500.0000,KHR,2026-03-26 10:29:18.19353+00,KHAC
568,1f8efd04-9ad3-418c-b18c-70ae593ac65b,d5ac6269-d8cf-4821-ac8b-a6341e68987b,LAB382,PAP Smear (Thin prep) (NEW),PAP Smear (Thin prep) (NEW),Specimen: Cervical Swab,b0514d54-d6f7-4482-b89c-4f3d504b0e96,750000,,,t,0.00,15,t,t,382,2026-03-26 10:28:03.294279+00,2026-05-07 02:49:27.89571+00,,,f,,,,USD,,lab,30.0,2026-03-26,123000.0000,KHR,2026-03-26 10:29:18.19353+00,KHAC
569,ae3bedec-1aa8-4857-82f8-7dce5c7690ef,d5ac6269-d8cf-4821-ac8b-a6341e68987b,LAB383,Paragonimus IgG,Paragonimus IgG,Specimen: Serum,b0514d54-d6f7-4482-b89c-4f3d504b0e96,250000,,,t,0.00,15,t,t,383,2026-03-26 10:28:03.294279+00,2026-05-07 02:49:27.89571+00,,,f,,,,USD,,lab,10.0,2026-03-26,41000.0000,KHR,2026-03-26 10:29:18.19353+00,KHAC
570,f5b55dce-760f-4189-906f-7291bca265e5,d5ac6269-d8cf-4821-ac8b-a6341e68987b,LAB384,Paragonimus IgM,Paragonimus IgM,Specimen: Serum,b0514d54-d6f7-4482-b89c-4f3d504b0e96,250000,,,t,0.00,15,t,t,384,2026-03-26 10:28:03.294279+00,2026-05-07 02:49:27.89571+00,,,f,,,,USD,,lab,10.0,2026-03-26,41000.0000,KHR,2026-03-26 10:29:18.19353+00,KHAC
571,c63ebfd8-e885-44dc-a0fb-c07d02f4d5bd,d5ac6269-d8cf-4821-ac8b-a6341e68987b,LAB385,"Pb (Plomb), (Lead)","Pb (Plomb), (Lead)",Specimen: EDTA,b0514d54-d6f7-4482-b89c-4f3d504b0e96,625000,,,t,0.00,15,t,t,385,2026-03-26 10:28:03.294279+00,2026-05-07 02:49:27.89571+00,,,f,,,,USD,,lab,25.0,2026-03-26,102500.0000,KHR,2026-03-26 10:29:18.19353+00,KHAC
572,a40d367f-dc18-4d02-ab1f-32f275512187,d5ac6269-d8cf-4821-ac8b-a6341e68987b,LAB386,Peptide-C (C-peptide),Peptide-C (C-peptide),Specimen: Serum/Urine,b0514d54-d6f7-4482-b89c-4f3d504b0e96,312500,,,t,0.00,15,t,t,386,2026-03-26 10:28:03.294279+00,2026-05-07 02:49:27.89571+00,,,f,,,,USD,,lab,12.5,2026-03-26,51250.0000,KHR,2026-03-26 10:29:18.19353+00,KHAC
573,8d2d5730-0eaa-4870-8100-de3c9bb7f0ac,d5ac6269-d8cf-4821-ac8b-a6341e68987b,LAB387,Pepsinogen 1-2,Pepsinogen 1-2,Specimen: Serum,b0514d54-d6f7-4482-b89c-4f3d504b0e96,1000000,,,t,0.00,15,t,t,387,2026-03-26 10:28:03.294279+00,2026-05-07 02:49:27.89571+00,,,f,,,,USD,,lab,40.0,2026-03-26,164000.0000,KHR,2026-03-26 10:29:18.19353+00,KHAC
574,7dbee282-8d06-4365-bf31-84eeb1842931,d5ac6269-d8cf-4821-ac8b-a6341e68987b,LAB388,Phosphatase Alkalin (PAL),Phosphatase Alkalin (PAL),Specimen: Serum,b0514d54-d6f7-4482-b89c-4f3d504b0e96,31250,,,t,0.00,15,t,t,388,2026-03-26 10:28:03.294279+00,2026-05-07 02:49:27.89571+00,,,f,,,,USD,1440,lab,1.25,2026-03-26,5125.0000,KHR,2026-03-26 10:29:18.19353+00,KHAC
575,cc02509f-5991-4a97-9d67-b7f38af2d4bb,d5ac6269-d8cf-4821-ac8b-a6341e68987b,LAB389,Phosphorus,Phosphorus,Specimen: Serum,b0514d54-d6f7-4482-b89c-4f3d504b0e96,50000,,,t,0.00,15,t,t,389,2026-03-26 10:28:03.294279+00,2026-05-07 02:49:27.89571+00,,,f,,,,USD,1440,lab,2.0,2026-03-26,8200.0000,KHR,2026-03-26 10:29:18.19353+00,KHAC
576,fa209214-bcc4-435f-8b8a-3dbffed386f3,d5ac6269-d8cf-4821-ac8b-a6341e68987b,LAB390,Phosphorus,Phosphorus,Specimen: Urine,b0514d54-d6f7-4482-b89c-4f3d504b0e96,75000,,,t,0.00,15,t,t,390,2026-03-26 10:28:03.294279+00,2026-05-07 02:49:27.89571+00,,,f,,,,USD,1440,lab,3.0,2026-03-26,12300.0000,KHR,2026-03-26 10:29:18.19353+00,KHAC
577,48c7cf3b-04cf-47a1-bb88-61a262b2e1a0,d5ac6269-d8cf-4821-ac8b-a6341e68987b,LAB391,"Potassium (K+,Cl-,Na+)","Potassium (K+,Cl-,Na+)",Specimen: Serum,b0514d54-d6f7-4482-b89c-4f3d504b0e96,62500,,,t,0.00,15,t,t,391,2026-03-26 10:28:03.294279+00,2026-05-07 02:49:27.89571+00,,,f,,,,USD,1440,lab,2.5,2026-03-26,10250.0000,KHR,2026-03-26 10:29:18.19353+00,KHAC
578,ecd29696-516a-436d-bed5-45c3e1b0bf7a,d5ac6269-d8cf-4821-ac8b-a6341e68987b,TFC008,Thyroglobulin,Thyroglobulin,,c8275c65-b864-4449-9188-0583197e7803,0,,,t,0.00,30,t,t,116,2026-03-26 09:50:22.028926+00,2026-05-07 02:49:27.89571+00,,,f,,,,USD,,lab,16.5,2026-03-26,,,,KHAC
579,1cc3e058-09e3-455f-a1e6-ab4c7cfd56f4,d5ac6269-d8cf-4821-ac8b-a6341e68987b,LAB392,"Potassium (K+,Cl-,Na+)","Potassium (K+,Cl-,Na+)",Specimen: Urine,b0514d54-d6f7-4482-b89c-4f3d504b0e96,125000,,,t,0.00,15,t,t,392,2026-03-26 10:28:03.294279+00,2026-05-07 02:49:27.89571+00,,,f,,,,USD,1440,lab,5.0,2026-03-26,20500.0000,KHR,2026-03-26 10:29:18.19353+00,KHAC
580,bc22b42b-d892-43d3-b4ba-0d5052c6adcc,d5ac6269-d8cf-4821-ac8b-a6341e68987b,LAB393,"PRISCA Test (PAPP-A, Free βHCG) (NEW)","PRISCA Test (PAPP-A, Free βHCG) (NEW)",Specimen: Serum,b0514d54-d6f7-4482-b89c-4f3d504b0e96,875000,,,t,0.00,15,t,t,393,2026-03-26 10:28:03.294279+00,2026-05-07 02:49:27.89571+00,,,f,,,,USD,,lab,35.0,2026-03-26,143500.0000,KHR,2026-03-26 10:29:18.19353+00,KHAC
581,6ea73dd0-5135-461e-9715-a6ea99b982c4,d5ac6269-d8cf-4821-ac8b-a6341e68987b,LAB394,"PRISCA Test (AFP, HCG, µE3) (NEW)","PRISCA Test (AFP, HCG, µE3) (NEW)",Specimen: Serum,b0514d54-d6f7-4482-b89c-4f3d504b0e96,875000,,,t,0.00,15,t,t,394,2026-03-26 10:28:03.294279+00,2026-05-07 02:49:27.89571+00,,,f,,,,USD,,lab,35.0,2026-03-26,143500.0000,KHR,2026-03-26 10:29:18.19353+00,KHAC
582,0bbc464f-0d2d-4add-8c0b-f1810d62b669,d5ac6269-d8cf-4821-ac8b-a6341e68987b,LAB395,Procalcitonin,Procalcitonin,Specimen: Serum,b0514d54-d6f7-4482-b89c-4f3d504b0e96,750000,,,t,0.00,15,t,t,395,2026-03-26 10:28:03.294279+00,2026-05-07 02:49:27.89571+00,,,f,,,,USD,,lab,30.0,2026-03-26,123000.0000,KHR,2026-03-26 10:29:18.19353+00,KHAC
583,242f45cf-0394-4ac4-8036-0bebda4a0d7b,d5ac6269-d8cf-4821-ac8b-a6341e68987b,LAB396,Progesterone,Progesterone,Specimen: Serum,b0514d54-d6f7-4482-b89c-4f3d504b0e96,300000,,,t,0.00,15,t,t,396,2026-03-26 10:28:03.294279+00,2026-05-07 02:49:27.89571+00,,,f,,,,USD,1440,lab,12.0,2026-03-26,49200.0000,KHR,2026-03-26 10:29:18.19353+00,KHAC
584,224f887e-6bb7-4754-a28f-ea550af03d62,d5ac6269-d8cf-4821-ac8b-a6341e68987b,LAB397,Prolactin (PRL),Prolactin (PRL),Specimen: Serum,b0514d54-d6f7-4482-b89c-4f3d504b0e96,300000,,,t,0.00,15,t,t,397,2026-03-26 10:28:03.294279+00,2026-05-07 02:49:27.89571+00,,,f,,,,USD,1440,lab,12.0,2026-03-26,49200.0000,KHR,2026-03-26 10:29:18.19353+00,KHAC
585,be387431-fa0b-492c-8d1b-4f8dc0aed466,d5ac6269-d8cf-4821-ac8b-a6341e68987b,LAB398,Pro-BNP (NT-proBNP),Pro-BNP (NT-proBNP),Specimen: Serum/EDTA,b0514d54-d6f7-4482-b89c-4f3d504b0e96,1250000,,,t,0.00,15,t,t,398,2026-03-26 10:28:03.294279+00,2026-05-07 02:49:27.89571+00,,,f,,,,USD,,lab,50.0,2026-03-26,205000.0000,KHR,2026-03-26 10:29:18.19353+00,KHAC
586,282dacf0-8361-4765-a067-0d12b1d03a60,d5ac6269-d8cf-4821-ac8b-a6341e68987b,LAB399,Pro-GRP (Pro Gastrin Releasing Peptide),Pro-GRP (Pro Gastrin Releasing Peptide),Specimen: Serum,b0514d54-d6f7-4482-b89c-4f3d504b0e96,750000,,,t,0.00,15,t,t,399,2026-03-26 10:28:03.294279+00,2026-05-07 02:49:27.89571+00,,,f,,,,USD,,lab,30.0,2026-03-26,123000.0000,KHR,2026-03-26 10:29:18.19353+00,KHAC
587,64c6fb91-b108-442e-b52a-f30766541d94,d5ac6269-d8cf-4821-ac8b-a6341e68987b,LAB400,Protein Electrophoresis,Protein Electrophoresis,Specimen: Serum,b0514d54-d6f7-4482-b89c-4f3d504b0e96,625000,,,t,0.00,15,t,t,400,2026-03-26 10:28:03.294279+00,2026-05-07 02:49:27.89571+00,,,f,,,,USD,,lab,25.0,2026-03-26,102500.0000,KHR,2026-03-26 10:29:18.19353+00,KHAC
588,7d5fcb51-96af-4ca9-b77d-d2eeca374248,d5ac6269-d8cf-4821-ac8b-a6341e68987b,LAB401,Protein total,Protein total,Specimen: Serum,b0514d54-d6f7-4482-b89c-4f3d504b0e96,25000,,,t,0.00,15,t,t,401,2026-03-26 10:28:04.176518+00,2026-05-07 02:49:27.89571+00,,,f,,,,USD,1440,lab,1.0,2026-03-26,4100.0000,KHR,2026-03-26 10:29:18.19353+00,KHAC
589,ebac75a9-e3b3-4796-b419-4b73e3a42825,d5ac6269-d8cf-4821-ac8b-a6341e68987b,LAB001,17-OH-Progesterone,17-OH-Progesterone,Specimen: Serum,b0514d54-d6f7-4482-b89c-4f3d504b0e96,375000,,,t,0.00,15,t,t,1,2026-03-26 10:28:01.854564+00,2026-05-07 02:49:27.89571+00,,,f,,,,USD,,lab,15.0,2026-03-26,61500.0000,KHR,2026-03-26 10:29:18.19353+00,KHAC
590,c69f6f7f-afa3-4fc0-b2e1-d06b3bf80912,d5ac6269-d8cf-4821-ac8b-a6341e68987b,LAB002,"AIH (Autoimmune Hepatitis) Screening (SMA, LKM-1, F-actin, AMA, ANA global)","AIH (Autoimmune Hepatitis) Screening (SMA, LKM-1, F-actin, AMA, ANA global)",Specimen: Serum,b0514d54-d6f7-4482-b89c-4f3d504b0e96,2450000,,,t,0.00,15,t,t,2,2026-03-26 10:28:01.854564+00,2026-05-07 02:49:27.89571+00,,,f,,,,USD,,lab,98.0,2026-03-26,401800.0000,KHR,2026-03-26 10:29:18.19353+00,KHAC
591,514d0557-f675-460a-a6ad-73b6615a3895,d5ac6269-d8cf-4821-ac8b-a6341e68987b,LAB003,"AIH Type I, PBC monitoring (SMA IFT, AMA IFT)","AIH Type I, PBC monitoring (SMA IFT, AMA IFT)",Specimen: Serum,b0514d54-d6f7-4482-b89c-4f3d504b0e96,1125000,,,t,0.00,15,t,t,3,2026-03-26 10:28:01.854564+00,2026-05-07 02:49:27.89571+00,,,f,,,,USD,,lab,45.0,2026-03-26,184500.0000,KHR,2026-03-26 10:29:18.19353+00,KHAC
592,3a74a48a-7e2d-4573-97db-5f266e7007dc,d5ac6269-d8cf-4821-ac8b-a6341e68987b,LAB004,"AIH Type I/II monitoring (SMA IFT, LKM-1 IFT)","AIH Type I/II monitoring (SMA IFT, LKM-1 IFT)",Specimen: Serum,b0514d54-d6f7-4482-b89c-4f3d504b0e96,1125000,,,t,0.00,15,t,t,4,2026-03-26 10:28:01.854564+00,2026-05-07 02:49:27.89571+00,,,f,,,,USD,,lab,45.0,2026-03-26,184500.0000,KHR,2026-03-26 10:29:18.19353+00,KHAC
593,33e1d944-47bc-4044-9970-a747ab0d11d5,d5ac6269-d8cf-4821-ac8b-a6341e68987b,LAB005,A/G (Albumin/Globulin ratio),A/G (Albumin/Globulin ratio),Specimen: Serum,b0514d54-d6f7-4482-b89c-4f3d504b0e96,75000,,,t,0.00,15,t,t,5,2026-03-26 10:28:01.854564+00,2026-05-07 02:49:27.89571+00,,,f,,,,USD,1440,lab,3.0,2026-03-26,12300.0000,KHR,2026-03-26 10:29:18.19353+00,KHAC
594,0712bbdf-855f-4444-9f1b-7fd91ed47bb1,d5ac6269-d8cf-4821-ac8b-a6341e68987b,LAB006,A1c (Hemoglobin A1c),A1c (Hemoglobin A1c),Specimen: EDTA,b0514d54-d6f7-4482-b89c-4f3d504b0e96,212500,,,t,0.00,15,t,t,6,2026-03-26 10:28:01.854564+00,2026-05-07 02:49:27.89571+00,,,f,,,,USD,1440,lab,8.5,2026-03-26,34850.0000,KHR,2026-03-26 10:29:18.19353+00,KHAC
595,e1c12fbf-275b-4d5d-ae08-7a455c7f99bc,d5ac6269-d8cf-4821-ac8b-a6341e68987b,LAB007,ABO Blood group and Rhesus,ABO Blood group and Rhesus,Specimen: EDTA,b0514d54-d6f7-4482-b89c-4f3d504b0e96,50000,,,t,0.00,15,t,t,7,2026-03-26 10:28:01.854564+00,2026-05-07 02:49:27.89571+00,,,f,,,,USD,1440,lab,2.0,2026-03-26,8200.0000,KHR,2026-03-26 10:29:18.19353+00,KHAC
596,df511251-a0e9-462a-b760-6b168ce20e77,d5ac6269-d8cf-4821-ac8b-a6341e68987b,LAB008,Acetaminophen,Acetaminophen,Specimen: Serum,b0514d54-d6f7-4482-b89c-4f3d504b0e96,1550000,,,t,0.00,15,t,t,8,2026-03-26 10:28:01.854564+00,2026-05-07 02:49:27.89571+00,,,f,,,,USD,,lab,62.0,2026-03-26,254200.0000,KHR,2026-03-26 10:29:18.19353+00,KHAC
597,f8160297-844b-44b9-83c3-73c80c380629,d5ac6269-d8cf-4821-ac8b-a6341e68987b,LAB009,Acetyl Cholinesterase,Acetyl Cholinesterase,Specimen: Serum,b0514d54-d6f7-4482-b89c-4f3d504b0e96,250000,,,t,0.00,15,t,t,9,2026-03-26 10:28:01.854564+00,2026-05-07 02:49:27.89571+00,,,f,,,,USD,,lab,10.0,2026-03-26,41000.0000,KHR,2026-03-26 10:29:18.19353+00,KHAC
598,07fa54b0-8a5d-4ff5-a67d-07ae52db918b,d5ac6269-d8cf-4821-ac8b-a6341e68987b,LAB010,Acetyl Choline receptor Ab,Acetyl Choline receptor Ab,Specimen: Serum,b0514d54-d6f7-4482-b89c-4f3d504b0e96,1300000,,,t,0.00,15,t,t,10,2026-03-26 10:28:01.854564+00,2026-05-07 02:49:27.89571+00,,,f,,,,USD,,lab,52.0,2026-03-26,213200.0000,KHR,2026-03-26 10:29:18.19353+00,KHAC
599,abdccb6f-a6bd-44d4-848a-38a3d953f125,d5ac6269-d8cf-4821-ac8b-a6341e68987b,LAB011,"Acid Folic (Folate, Vit B9)","Acid Folic (Folate, Vit B9)",Specimen: Serum,b0514d54-d6f7-4482-b89c-4f3d504b0e96,400000,,,t,0.00,15,t,t,11,2026-03-26 10:28:01.854564+00,2026-05-07 02:49:27.89571+00,,,f,,,,USD,1440,lab,16.0,2026-03-26,65600.0000,KHR,2026-03-26 10:29:18.19353+00,KHAC
600,baaf7a6a-2fa1-4484-a4a1-94c3dd458a9a,d5ac6269-d8cf-4821-ac8b-a6341e68987b,LAB012,"Acid Lactic (Lactic Acid, Lactate)","Acid Lactic (Lactic Acid, Lactate)",Specimen: Serum,b0514d54-d6f7-4482-b89c-4f3d504b0e96,125000,,,t,0.00,15,t,t,12,2026-03-26 10:28:01.854564+00,2026-05-07 02:49:27.89571+00,,,f,,,,USD,1440,lab,5.0,2026-03-26,20500.0000,KHR,2026-03-26 10:29:18.19353+00,KHAC
601,33e9c918-8a80-4884-8c95-b127e66add32,d5ac6269-d8cf-4821-ac8b-a6341e68987b,LAB013,Acid Uric,Acid Uric,Specimen: Serum,b0514d54-d6f7-4482-b89c-4f3d504b0e96,31250,,,t,0.00,15,t,t,13,2026-03-26 10:28:01.854564+00,2026-05-07 02:49:27.89571+00,,,f,,,,USD,1440,lab,1.25,2026-03-26,5125.0000,KHR,2026-03-26 10:29:18.19353+00,KHAC
602,343ac822-1f04-4ad2-bca2-911f238615dc,d5ac6269-d8cf-4821-ac8b-a6341e68987b,LAB404,Protein C,Protein C,Specimen: 3.8% Sodium Citrate Plasma,b0514d54-d6f7-4482-b89c-4f3d504b0e96,750000,,,t,0.00,15,t,t,404,2026-03-26 10:28:04.176518+00,2026-05-07 02:49:27.89571+00,,,f,,,,USD,,lab,30.0,2026-03-26,123000.0000,KHR,2026-03-26 10:29:18.19353+00,KHAC
603,807abc8a-bb34-48c4-a228-bf08ebd5faa3,d5ac6269-d8cf-4821-ac8b-a6341e68987b,LAB405,Protein S,Protein S,Specimen: 3.8% Sodium Citrate Plasma,b0514d54-d6f7-4482-b89c-4f3d504b0e96,750000,,,t,0.00,15,t,t,405,2026-03-26 10:28:04.176518+00,2026-05-07 02:49:27.89571+00,,,f,,,,USD,,lab,30.0,2026-03-26,123000.0000,KHR,2026-03-26 10:29:18.19353+00,KHAC
604,7a1e05f7-27cb-4a85-9483-7095ae78ea9a,d5ac6269-d8cf-4821-ac8b-a6341e68987b,LAB406,Protein Fluid,Protein Fluid,Specimen: Specified specimens,b0514d54-d6f7-4482-b89c-4f3d504b0e96,31250,,,t,0.00,15,t,t,406,2026-03-26 10:28:04.176518+00,2026-05-07 02:49:27.89571+00,,,f,,,,USD,1440,lab,1.25,2026-03-26,5125.0000,KHR,2026-03-26 10:29:18.19353+00,KHAC
605,da7c99dc-6b7f-4566-be15-e70bd7a9cfe6,d5ac6269-d8cf-4821-ac8b-a6341e68987b,LAB407,PSA Total,PSA Total,Specimen: Serum,b0514d54-d6f7-4482-b89c-4f3d504b0e96,300000,,,t,0.00,15,t,t,407,2026-03-26 10:28:04.176518+00,2026-05-07 02:49:27.89571+00,,,f,,,,USD,1440,lab,12.0,2026-03-26,49200.0000,KHR,2026-03-26 10:29:18.19353+00,KHAC
606,e068ea39-1703-41e3-ade4-b8dfe2062ca7,d5ac6269-d8cf-4821-ac8b-a6341e68987b,LAB408,PSA Free,PSA Free,Specimen: Serum,b0514d54-d6f7-4482-b89c-4f3d504b0e96,450000,,,t,0.00,15,t,t,408,2026-03-26 10:28:04.176518+00,2026-05-07 02:49:27.89571+00,,,f,,,,USD,1440,lab,18.0,2026-03-26,73800.0000,KHR,2026-03-26 10:29:18.19353+00,KHAC
607,524653fc-190a-455b-919d-01107c27b023,d5ac6269-d8cf-4821-ac8b-a6341e68987b,LAB409,"PT (Prothrombin Time), (TQ), (INR)","PT (Prothrombin Time), (TQ), (INR)",Specimen: 3.8% Sodium Citrate Plasma,b0514d54-d6f7-4482-b89c-4f3d504b0e96,75000,,,t,0.00,15,t,t,409,2026-03-26 10:28:04.176518+00,2026-05-07 02:49:27.89571+00,,,f,,,,USD,1440,lab,3.0,2026-03-26,12300.0000,KHR,2026-03-26 10:29:18.19353+00,KHAC
608,d0808626-505b-4c04-b933-05ab2f486b33,d5ac6269-d8cf-4821-ac8b-a6341e68987b,LAB410,PTH (Parathyroid hormone),PTH (Parathyroid hormone),Specimen: Serum,b0514d54-d6f7-4482-b89c-4f3d504b0e96,375000,,,t,0.00,15,t,t,410,2026-03-26 10:28:04.176518+00,2026-05-07 02:49:27.89571+00,,,f,,,,USD,1440,lab,15.0,2026-03-26,61500.0000,KHR,2026-03-26 10:29:18.19353+00,KHAC
609,7bc6f4a3-610a-48f8-98b4-283e4846f7ce,d5ac6269-d8cf-4821-ac8b-a6341e68987b,LAB411,Pus (Culture),Pus (Culture),Specimen: Specified specimens,b0514d54-d6f7-4482-b89c-4f3d504b0e96,500000,,,t,0.00,15,t,t,411,2026-03-26 10:28:04.176518+00,2026-05-07 02:49:27.89571+00,,,f,,,,USD,,lab,20.0,2026-03-26,82000.0000,KHR,2026-03-26 10:29:18.19353+00,KHAC
610,99a5e310-2f01-4ffc-9d3e-04d4db1a81ad,d5ac6269-d8cf-4821-ac8b-a6341e68987b,LAB412,Pus Vaginal,Pus Vaginal,Specimen: Specified specimens,b0514d54-d6f7-4482-b89c-4f3d504b0e96,500000,,,t,0.00,15,t,t,412,2026-03-26 10:28:04.176518+00,2026-05-07 02:49:27.89571+00,,,f,,,,USD,,lab,20.0,2026-03-26,82000.0000,KHR,2026-03-26 10:29:18.19353+00,KHAC
611,1c23b1b3-7b1a-4f91-8881-80cdf3c7cda6,d5ac6269-d8cf-4821-ac8b-a6341e68987b,LAB413,"PCR HBV DNA (RT-PCR, Taqman) Quantitative","PCR HBV DNA (RT-PCR, Taqman) Quantitative",Specimen: Serum,b0514d54-d6f7-4482-b89c-4f3d504b0e96,1000000,,,t,0.00,15,t,t,413,2026-03-26 10:28:04.176518+00,2026-05-07 02:49:27.89571+00,,,f,,,,USD,1440,lab,40.0,2026-03-26,164000.0000,KHR,2026-03-26 10:29:18.19353+00,KHAC
612,43bf3708-a3a5-4946-b3b3-fd7ddce61765,d5ac6269-d8cf-4821-ac8b-a6341e68987b,LAB414,"PCR HBV DNA  (Roche Cobas, Taqman) Quantitative","PCR HBV DNA  (Roche Cobas, Taqman) Quantitative",Specimen: EDTA,b0514d54-d6f7-4482-b89c-4f3d504b0e96,3000000,,,t,0.00,15,t,t,414,2026-03-26 10:28:04.176518+00,2026-05-07 02:49:27.89571+00,,,f,,,,USD,,lab,120.0,2026-03-26,492000.0000,KHR,2026-03-26 10:29:18.19353+00,KHAC
613,e83f52f2-2f9e-4866-9cbe-167a0d7c278b,d5ac6269-d8cf-4821-ac8b-a6341e68987b,LAB415,HBV Genotype,HBV Genotype,Specimen: Serum,b0514d54-d6f7-4482-b89c-4f3d504b0e96,1625000,,,t,0.00,15,t,t,415,2026-03-26 10:28:04.176518+00,2026-05-07 02:49:27.89571+00,,,f,,,,USD,,lab,65.0,2026-03-26,266500.0000,KHR,2026-03-26 10:29:18.19353+00,KHAC
614,815498c8-74ae-4537-bd66-5cd216571231,d5ac6269-d8cf-4821-ac8b-a6341e68987b,LAB416,"PCR HCV RNA (RT-PCR,Taqman) Quantitative","PCR HCV RNA (RT-PCR,Taqman) Quantitative",Specimen: Serum,b0514d54-d6f7-4482-b89c-4f3d504b0e96,1500000,,,t,0.00,15,t,t,416,2026-03-26 10:28:04.176518+00,2026-05-07 02:49:27.89571+00,,,f,,,,USD,1440,lab,60.0,2026-03-26,246000.0000,KHR,2026-03-26 10:29:18.19353+00,KHAC
615,8ce0935b-ef11-4ae7-a414-4cf570758dc5,d5ac6269-d8cf-4821-ac8b-a6341e68987b,LAB417,"PCR HCV RNA (Roche Cobas, Taqman) Quantitative","PCR HCV RNA (Roche Cobas, Taqman) Quantitative",Specimen: EDTA,b0514d54-d6f7-4482-b89c-4f3d504b0e96,3250000,,,t,0.00,15,t,t,417,2026-03-26 10:28:04.176518+00,2026-05-07 02:49:27.89571+00,,,f,,,,USD,,lab,130.0,2026-03-26,533000.0000,KHR,2026-03-26 10:29:18.19353+00,KHAC
616,1b547051-64e2-496f-a4ca-dfd7da5f8193,d5ac6269-d8cf-4821-ac8b-a6341e68987b,LAB418,HCV Genotype (Realtime Taqman),HCV Genotype (Realtime Taqman),Specimen: Serum,b0514d54-d6f7-4482-b89c-4f3d504b0e96,1625000,,,t,0.00,15,t,t,418,2026-03-26 10:28:04.176518+00,2026-05-07 02:49:27.89571+00,,,f,,,,USD,,lab,65.0,2026-03-26,266500.0000,KHR,2026-03-26 10:29:18.19353+00,KHAC
617,cb00a715-59c0-4e3f-a1b6-9e6f606308ca,d5ac6269-d8cf-4821-ac8b-a6341e68987b,LAB419,PCR HIV RNA (RT-PCR) Quantitative,PCR HIV RNA (RT-PCR) Quantitative,Specimen: EDTA,b0514d54-d6f7-4482-b89c-4f3d504b0e96,1500000,,,t,0.00,15,t,t,419,2026-03-26 10:28:04.176518+00,2026-05-07 02:49:27.89571+00,,,f,,,,USD,,lab,60.0,2026-03-26,246000.0000,KHR,2026-03-26 10:29:18.19353+00,KHAC
618,e319e36c-5e3e-4aa1-a8c1-7abf071bd159,d5ac6269-d8cf-4821-ac8b-a6341e68987b,LAB420,"PCR HPV DNA Detection (RT-PCR,Taqman)","PCR HPV DNA Detection (RT-PCR,Taqman)",Specimen: Cervical Swab,b0514d54-d6f7-4482-b89c-4f3d504b0e96,625000,,,t,0.00,15,t,t,420,2026-03-26 10:28:04.176518+00,2026-05-07 02:49:27.89571+00,,,f,,,,USD,,lab,25.0,2026-03-26,102500.0000,KHR,2026-03-26 10:29:18.19353+00,KHAC
619,6e65199f-e915-4a8d-a362-9981eafc04db,d5ac6269-d8cf-4821-ac8b-a6341e68987b,LAB421,PCR HPV Genotype (24 most common HPV genotype),PCR HPV Genotype (24 most common HPV genotype),Specimen: Cervical Swab,b0514d54-d6f7-4482-b89c-4f3d504b0e96,750000,,,t,0.00,15,t,t,421,2026-03-26 10:28:04.176518+00,2026-05-07 02:49:27.89571+00,,,f,,,,USD,,lab,30.0,2026-03-26,123000.0000,KHR,2026-03-26 10:29:18.19353+00,KHAC
620,238e94dd-4f07-435e-b761-1ed518dfe6b7,d5ac6269-d8cf-4821-ac8b-a6341e68987b,LAB422,PCR Neisseria Gonorrhoeae and Chlamydia trachomatis DNA,PCR Neisseria Gonorrhoeae and Chlamydia trachomatis DNA,Specimen: Urine or Cervical swab,b0514d54-d6f7-4482-b89c-4f3d504b0e96,625000,,,t,0.00,15,t,t,422,2026-03-26 10:28:04.176518+00,2026-05-07 02:49:27.89571+00,,,f,,,,USD,,lab,25.0,2026-03-26,102500.0000,KHR,2026-03-26 10:29:18.19353+00,KHAC
621,d979210b-b7bb-417e-ba2e-8b722f0f071c,d5ac6269-d8cf-4821-ac8b-a6341e68987b,LAB423,PCR TB Qualitative,PCR TB Qualitative,"Specimen: Sputum, Fluid",b0514d54-d6f7-4482-b89c-4f3d504b0e96,625000,,,t,0.00,15,t,t,423,2026-03-26 10:28:04.176518+00,2026-05-07 02:49:27.89571+00,,,f,,,,USD,,lab,25.0,2026-03-26,102500.0000,KHR,2026-03-26 10:29:18.19353+00,KHAC
622,3db33f8d-7606-44a2-bb1c-836dadbd872c,d5ac6269-d8cf-4821-ac8b-a6341e68987b,LAB424,Quantiferon (IGRA) (Interferon-Gamma Release Assays),Quantiferon (IGRA) (Interferon-Gamma Release Assays),Specimen: Lithium Heparin 4 ml,b0514d54-d6f7-4482-b89c-4f3d504b0e96,4000000,,,t,0.00,15,t,t,424,2026-03-26 10:28:04.176518+00,2026-05-07 02:49:27.89571+00,,,f,,,,USD,,lab,160.0,2026-03-26,656000.0000,KHR,2026-03-26 10:29:18.19353+00,KHAC
623,8fdb6d7e-28a0-4777-a9cf-f230378db3ad,d5ac6269-d8cf-4821-ac8b-a6341e68987b,LAB425,R.P.R (VDRL),R.P.R (VDRL),Specimen: Serum,b0514d54-d6f7-4482-b89c-4f3d504b0e96,50000,,,t,0.00,15,t,t,425,2026-03-26 10:28:04.176518+00,2026-05-07 02:49:27.89571+00,,,f,,,,USD,1440,lab,2.0,2026-03-26,8200.0000,KHR,2026-03-26 10:29:18.19353+00,KHAC
624,265d3ce4-90a4-44e0-9436-c12a340709f2,d5ac6269-d8cf-4821-ac8b-a6341e68987b,LAB426,Renin (Active Renin),Renin (Active Renin),Specimen: Serum,b0514d54-d6f7-4482-b89c-4f3d504b0e96,750000,,,t,0.00,15,t,t,426,2026-03-26 10:28:04.176518+00,2026-05-07 02:49:27.89571+00,,,f,,,,USD,,lab,30.0,2026-03-26,123000.0000,KHR,2026-03-26 10:29:18.19353+00,KHAC
625,7dd47e7d-cae4-4c44-995e-ddf05e547590,d5ac6269-d8cf-4821-ac8b-a6341e68987b,LAB427,Reserve Alcaline (HCO3) (Bicarbonates),Reserve Alcaline (HCO3) (Bicarbonates),Specimen: Serum,b0514d54-d6f7-4482-b89c-4f3d504b0e96,100000,,,t,0.00,15,t,t,427,2026-03-26 10:28:04.176518+00,2026-05-07 02:49:27.89571+00,,,f,,,,USD,1440,lab,4.0,2026-03-26,16400.0000,KHR,2026-03-26 10:29:18.19353+00,KHAC
626,4e79566a-e4e0-426d-b2c0-5a8f31420517,d5ac6269-d8cf-4821-ac8b-a6341e68987b,LAB428,Reticulocyte,Reticulocyte,Specimen: EDTA,b0514d54-d6f7-4482-b89c-4f3d504b0e96,50000,,,t,0.00,15,t,t,428,2026-03-26 10:28:04.176518+00,2026-05-07 02:49:27.89571+00,,,f,,,,USD,1440,lab,2.0,2026-03-26,8200.0000,KHR,2026-03-26 10:29:18.19353+00,KHAC
627,043354d5-0a96-4558-abdf-a9c7a2ac99db,d5ac6269-d8cf-4821-ac8b-a6341e68987b,LAB429,Rheumatoid Factor Quantitative,Rheumatoid Factor Quantitative,Specimen: Serum,b0514d54-d6f7-4482-b89c-4f3d504b0e96,50000,,,t,0.00,15,t,t,429,2026-03-26 10:28:04.176518+00,2026-05-07 02:49:27.89571+00,,,f,,,,USD,1440,lab,2.0,2026-03-26,8200.0000,KHR,2026-03-26 10:29:18.19353+00,KHAC
628,a9d6d417-ba97-40e7-a921-d16e617664c2,d5ac6269-d8cf-4821-ac8b-a6341e68987b,LAB502,WIDAL Test,WIDAL Test,Specimen: Serum,b0514d54-d6f7-4482-b89c-4f3d504b0e96,31250,,,t,0.00,15,t,t,502,2026-03-26 10:28:04.623591+00,2026-05-07 02:49:27.89571+00,,,f,,,,USD,1440,lab,1.25,2026-03-26,5125.0000,KHR,2026-03-26 10:29:18.19353+00,KHAC
629,ebdc1478-74dd-4997-9d32-df089c358624,d5ac6269-d8cf-4821-ac8b-a6341e68987b,LAB430,"ROMA Test (Risk of Ovarian Malignancy Algorithm), (HE4+CA125)","ROMA Test (Risk of Ovarian Malignancy Algorithm), (HE4+CA125)",Specimen: Serum,b0514d54-d6f7-4482-b89c-4f3d504b0e96,1125000,,,t,0.00,15,t,t,430,2026-03-26 10:28:04.176518+00,2026-05-07 02:49:27.89571+00,,,f,,,,USD,,lab,45.0,2026-03-26,184500.0000,KHR,2026-03-26 10:29:18.19353+00,KHAC
630,7273df8c-0d1e-44a9-81cb-14dec1eff6fa,d5ac6269-d8cf-4821-ac8b-a6341e68987b,LAB431,Rubella IgG,Rubella IgG,Specimen: Serum,b0514d54-d6f7-4482-b89c-4f3d504b0e96,250000,,,t,0.00,15,t,t,431,2026-03-26 10:28:04.176518+00,2026-05-07 02:49:27.89571+00,,,f,,,,USD,1440,lab,10.0,2026-03-26,41000.0000,KHR,2026-03-26 10:29:18.19353+00,KHAC
631,14dc9f5e-afcd-40b9-b644-6b98670b5125,d5ac6269-d8cf-4821-ac8b-a6341e68987b,LAB432,Rubella IgM,Rubella IgM,Specimen: Serum,b0514d54-d6f7-4482-b89c-4f3d504b0e96,250000,,,t,0.00,15,t,t,432,2026-03-26 10:28:04.176518+00,2026-05-07 02:49:27.89571+00,,,f,,,,USD,1440,lab,10.0,2026-03-26,41000.0000,KHR,2026-03-26 10:29:18.19353+00,KHAC
632,ddd167fb-c0fc-4e9c-8e48-220eb3d3739e,d5ac6269-d8cf-4821-ac8b-a6341e68987b,LAB433,SCC (Sqarmous Cell Carcinoma),SCC (Sqarmous Cell Carcinoma),Specimen: Serum,b0514d54-d6f7-4482-b89c-4f3d504b0e96,425000,,,t,0.00,15,t,t,433,2026-03-26 10:28:04.176518+00,2026-05-07 02:49:27.89571+00,,,f,,,,USD,,lab,17.0,2026-03-26,69700.0000,KHR,2026-03-26 10:29:18.19353+00,KHAC
633,43a8884d-30ac-4304-bd05-c8552e5a34ec,d5ac6269-d8cf-4821-ac8b-a6341e68987b,LAB434,Schistosoma mansoni IgG,Schistosoma mansoni IgG,Specimen: Serum,b0514d54-d6f7-4482-b89c-4f3d504b0e96,300000,,,t,0.00,15,t,t,434,2026-03-26 10:28:04.176518+00,2026-05-07 02:49:27.89571+00,,,f,,,,USD,,lab,12.0,2026-03-26,49200.0000,KHR,2026-03-26 10:29:18.19353+00,KHAC
634,9d77caf7-cd03-4144-9637-00f236d2e945,d5ac6269-d8cf-4821-ac8b-a6341e68987b,LAB435,"Sederophilin (Hemosiderophilin, Transferrin)","Sederophilin (Hemosiderophilin, Transferrin)",Specimen: Serum,b0514d54-d6f7-4482-b89c-4f3d504b0e96,200000,,,t,0.00,15,t,t,435,2026-03-26 10:28:04.176518+00,2026-05-07 02:49:27.89571+00,,,f,,,,USD,,lab,8.0,2026-03-26,32800.0000,KHR,2026-03-26 10:29:18.19353+00,KHAC
635,1adadf15-6d21-4031-a5b9-25b752c2fc31,d5ac6269-d8cf-4821-ac8b-a6341e68987b,LAB436,Semen analysis/Spermogramme,Semen analysis/Spermogramme,Specimen: Sterile container,b0514d54-d6f7-4482-b89c-4f3d504b0e96,250000,,,t,0.00,15,t,t,436,2026-03-26 10:28:04.176518+00,2026-05-07 02:49:27.89571+00,,,f,,,,USD,1440,lab,10.0,2026-03-26,41000.0000,KHR,2026-03-26 10:29:18.19353+00,KHAC
636,0b63b97e-c15f-4a1c-b41a-5badc1c6b4c9,d5ac6269-d8cf-4821-ac8b-a6341e68987b,LAB437,"SGOT,SGPT (Transaminase)","SGOT,SGPT (Transaminase)",Specimen: Serum,b0514d54-d6f7-4482-b89c-4f3d504b0e96,37500,,,t,0.00,15,t,t,437,2026-03-26 10:28:04.176518+00,2026-05-07 02:49:27.89571+00,,,f,,,,USD,1440,lab,1.5,2026-03-26,6150.0000,KHR,2026-03-26 10:29:18.19353+00,KHAC
637,2e82a60f-b1b1-4442-bb4f-78bc7b82a910,d5ac6269-d8cf-4821-ac8b-a6341e68987b,LAB438,SHBG (Sex Hormone Binding Globulin),SHBG (Sex Hormone Binding Globulin),Specimen: Serum,b0514d54-d6f7-4482-b89c-4f3d504b0e96,375000,,,t,0.00,15,t,t,438,2026-03-26 10:28:04.176518+00,2026-05-07 02:49:27.89571+00,,,f,,,,USD,,lab,15.0,2026-03-26,61500.0000,KHR,2026-03-26 10:29:18.19353+00,KHAC
638,06ea8cca-1396-445f-8f96-2aae954f57aa,d5ac6269-d8cf-4821-ac8b-a6341e68987b,LAB439,Sirolimus,Sirolimus,Specimen: EDTA,b0514d54-d6f7-4482-b89c-4f3d504b0e96,2875000,,,t,0.00,15,t,t,439,2026-03-26 10:28:04.176518+00,2026-05-07 02:49:27.89571+00,,,f,,,,USD,1440,lab,115.0,2026-03-26,471500.0000,KHR,2026-03-26 10:29:18.19353+00,KHAC
639,c515019d-bbe8-49a1-a89e-2d522c728f17,d5ac6269-d8cf-4821-ac8b-a6341e68987b,LAB440,SLA/LP (Soluble Liver Antigen/Liver Pencreas),SLA/LP (Soluble Liver Antigen/Liver Pencreas),Specimen: Serum,b0514d54-d6f7-4482-b89c-4f3d504b0e96,375000,,,t,0.00,15,t,t,440,2026-03-26 10:28:04.176518+00,2026-05-07 02:49:27.89571+00,,,f,,,,USD,1440,lab,15.0,2026-03-26,61500.0000,KHR,2026-03-26 10:29:18.19353+00,KHAC
640,8cc572b8-a9c8-46a8-8761-6968db0652e4,d5ac6269-d8cf-4821-ac8b-a6341e68987b,LAB441,SMA (Smooth Muscle Antibody) IFT,SMA (Smooth Muscle Antibody) IFT,Specimen: Serum,b0514d54-d6f7-4482-b89c-4f3d504b0e96,500000,,,t,0.00,15,t,t,441,2026-03-26 10:28:04.176518+00,2026-05-07 02:49:27.89571+00,,,f,,,,USD,,lab,20.0,2026-03-26,82000.0000,KHR,2026-03-26 10:29:18.19353+00,KHAC
641,9cce2b3d-3610-4738-8d3e-fa21f39f21ee,d5ac6269-d8cf-4821-ac8b-a6341e68987b,LAB442,Stool culture,Stool culture,Specimen: Sterile container,b0514d54-d6f7-4482-b89c-4f3d504b0e96,500000,,,t,0.00,15,t,t,442,2026-03-26 10:28:04.176518+00,2026-05-07 02:49:27.89571+00,,,f,,,,USD,,lab,20.0,2026-03-26,82000.0000,KHR,2026-03-26 10:29:18.19353+00,KHAC
642,49ca83f3-e746-40f6-81fc-8f0844730933,d5ac6269-d8cf-4821-ac8b-a6341e68987b,LAB443,Stool Direct Exam (COP/KOP),Stool Direct Exam (COP/KOP),Specimen: Stool,b0514d54-d6f7-4482-b89c-4f3d504b0e96,50000,,,t,0.00,15,t,t,443,2026-03-26 10:28:04.176518+00,2026-05-07 02:49:27.89571+00,,,f,,,,USD,1440,lab,2.0,2026-03-26,8200.0000,KHR,2026-03-26 10:29:18.19353+00,KHAC
643,a361cfe2-8969-4810-8568-16208a93a049,d5ac6269-d8cf-4821-ac8b-a6341e68987b,LAB444,Stool (Occult Blood),Stool (Occult Blood),Specimen: Stool,b0514d54-d6f7-4482-b89c-4f3d504b0e96,125000,,,t,0.00,15,t,t,444,2026-03-26 10:28:04.176518+00,2026-05-07 02:49:27.89571+00,,,f,,,,USD,1440,lab,5.0,2026-03-26,20500.0000,KHR,2026-03-26 10:29:18.19353+00,KHAC
644,1710d7c1-a440-4ee5-adfa-8de98149369a,d5ac6269-d8cf-4821-ac8b-a6341e68987b,LAB445,Strongyloides IgG,Strongyloides IgG,Specimen: Serum,b0514d54-d6f7-4482-b89c-4f3d504b0e96,375000,,,t,0.00,15,t,t,445,2026-03-26 10:28:04.176518+00,2026-05-07 02:49:27.89571+00,,,f,,,,USD,,lab,15.0,2026-03-26,61500.0000,KHR,2026-03-26 10:29:18.19353+00,KHAC
645,3c89e519-1570-4eda-ba80-7b955644d2fe,d5ac6269-d8cf-4821-ac8b-a6341e68987b,LAB446,Syphilis RPR,Syphilis RPR,Specimen: Serum,b0514d54-d6f7-4482-b89c-4f3d504b0e96,50000,,,t,0.00,15,t,t,446,2026-03-26 10:28:04.176518+00,2026-05-07 02:49:27.89571+00,,,f,,,,USD,1440,lab,2.0,2026-03-26,8200.0000,KHR,2026-03-26 10:29:18.19353+00,KHAC
646,a4fc3097-ae2e-4b88-9f7a-45ccf799855a,d5ac6269-d8cf-4821-ac8b-a6341e68987b,LAB447,Syphilis T.P.H.A,Syphilis T.P.H.A,Specimen: Serum,b0514d54-d6f7-4482-b89c-4f3d504b0e96,187500,,,t,0.00,15,t,t,447,2026-03-26 10:28:04.176518+00,2026-05-07 02:49:27.89571+00,,,f,,,,USD,1440,lab,7.5,2026-03-26,30750.0000,KHR,2026-03-26 10:29:18.19353+00,KHAC
647,24cc947d-deee-47f2-bfda-35f70eca477b,d5ac6269-d8cf-4821-ac8b-a6341e68987b,LAB448,T3 (Triiodothyronin),T3 (Triiodothyronin),Specimen: Serum,b0514d54-d6f7-4482-b89c-4f3d504b0e96,218750,,,t,0.00,15,t,t,448,2026-03-26 10:28:04.176518+00,2026-05-07 02:49:27.89571+00,,,f,,,,USD,1440,lab,8.75,2026-03-26,35875.0000,KHR,2026-03-26 10:29:18.19353+00,KHAC
648,a994595f-9eed-48ec-b326-68f4e694e575,d5ac6269-d8cf-4821-ac8b-a6341e68987b,LAB449,T4 (Thyroxin),T4 (Thyroxin),Specimen: Serum,b0514d54-d6f7-4482-b89c-4f3d504b0e96,218750,,,t,0.00,15,t,t,449,2026-03-26 10:28:04.176518+00,2026-05-07 02:49:27.89571+00,,,f,,,,USD,1440,lab,8.75,2026-03-26,35875.0000,KHR,2026-03-26 10:29:18.19353+00,KHAC
649,6ccc1aaf-99f8-44f0-95f0-bde07e3b0b74,d5ac6269-d8cf-4821-ac8b-a6341e68987b,LAB450,T3 Free,T3 Free,Specimen: Serum,b0514d54-d6f7-4482-b89c-4f3d504b0e96,175000,,,t,0.00,15,t,t,450,2026-03-26 10:28:04.176518+00,2026-05-07 02:49:27.89571+00,,,f,,,,USD,1440,lab,7.0,2026-03-26,28700.0000,KHR,2026-03-26 10:29:18.19353+00,KHAC
650,a79a22c4-7b93-430d-b64f-99104f0c61f8,d5ac6269-d8cf-4821-ac8b-a6341e68987b,LAB451,T4 Free,T4 Free,Specimen: Serum,b0514d54-d6f7-4482-b89c-4f3d504b0e96,175000,,,t,0.00,15,t,t,451,2026-03-26 10:28:04.176518+00,2026-05-07 02:49:27.89571+00,,,f,,,,USD,1440,lab,7.0,2026-03-26,28700.0000,KHR,2026-03-26 10:29:18.19353+00,KHAC
651,7921fc8c-1ecb-437e-bc6d-f22a38349844,d5ac6269-d8cf-4821-ac8b-a6341e68987b,LAB452,TSH ultra sensitive,TSH ultra sensitive,Specimen: Serum,b0514d54-d6f7-4482-b89c-4f3d504b0e96,175000,,,t,0.00,15,t,t,452,2026-03-26 10:28:04.176518+00,2026-05-07 02:49:27.89571+00,,,f,,,,USD,1440,lab,7.0,2026-03-26,28700.0000,KHR,2026-03-26 10:29:18.19353+00,KHAC
652,ec7bfdae-b2d4-4675-9c11-3cda1d2e39d7,d5ac6269-d8cf-4821-ac8b-a6341e68987b,LAB453,TSH Receptor Ab (TRAb),TSH Receptor Ab (TRAb),Specimen: Serum,b0514d54-d6f7-4482-b89c-4f3d504b0e96,750000,,,t,0.00,15,t,t,453,2026-03-26 10:28:04.176518+00,2026-05-07 02:49:27.89571+00,,,f,,,,USD,,lab,30.0,2026-03-26,123000.0000,KHR,2026-03-26 10:29:18.19353+00,KHAC
653,32c023f3-b7f0-42fc-953c-69612e8f5015,d5ac6269-d8cf-4821-ac8b-a6341e68987b,LAB454,TSI (Thyroid Stimulating Immunoglobulins),TSI (Thyroid Stimulating Immunoglobulins),Specimen: Serum,b0514d54-d6f7-4482-b89c-4f3d504b0e96,1200000,,,t,0.00,15,t,t,454,2026-03-26 10:28:04.176518+00,2026-05-07 02:49:27.89571+00,,,f,,,,USD,,lab,48.0,2026-03-26,196800.0000,KHR,2026-03-26 10:29:18.19353+00,KHAC
654,5b98b99a-1a70-4934-bfc4-b54023aa96f6,d5ac6269-d8cf-4821-ac8b-a6341e68987b,LAB455,Tacrolimus (FK 506),Tacrolimus (FK 506),Specimen: EDTA,b0514d54-d6f7-4482-b89c-4f3d504b0e96,1250000,,,t,0.00,15,t,t,455,2026-03-26 10:28:04.176518+00,2026-05-07 02:49:27.89571+00,,,f,,,,USD,1440,lab,50.0,2026-03-26,205000.0000,KHR,2026-03-26 10:29:18.19353+00,KHAC
655,e33b9f3f-2e27-493a-842a-c0eb7d49ef3c,d5ac6269-d8cf-4821-ac8b-a6341e68987b,LAB456,Taenia IgG (Cysticercose),Taenia IgG (Cysticercose),Specimen: Serum,b0514d54-d6f7-4482-b89c-4f3d504b0e96,250000,,,t,0.00,15,t,t,456,2026-03-26 10:28:04.176518+00,2026-05-07 02:49:27.89571+00,,,f,,,,USD,,lab,10.0,2026-03-26,41000.0000,KHR,2026-03-26 10:29:18.19353+00,KHAC
656,f4d079f4-7309-45f0-9acc-bc0e8c713ad9,d5ac6269-d8cf-4821-ac8b-a6341e68987b,LAB457,TB Antibody IgG,TB Antibody IgG,Specimen: Serum,b0514d54-d6f7-4482-b89c-4f3d504b0e96,187500,,,t,0.00,15,t,t,457,2026-03-26 10:28:04.176518+00,2026-05-07 02:49:27.89571+00,,,f,,,,USD,1440,lab,7.5,2026-03-26,30750.0000,KHR,2026-03-26 10:29:18.19353+00,KHAC
657,a08ca6f4-dee8-4f0f-96b7-97352f088dd2,d5ac6269-d8cf-4821-ac8b-a6341e68987b,LAB458,TB Antibody IgM,TB Antibody IgM,Specimen: Serum,b0514d54-d6f7-4482-b89c-4f3d504b0e96,187500,,,t,0.00,15,t,t,458,2026-03-26 10:28:04.176518+00,2026-05-07 02:49:27.89571+00,,,f,,,,USD,1440,lab,7.5,2026-03-26,30750.0000,KHR,2026-03-26 10:29:18.19353+00,KHAC
658,a3ea71a0-5c9a-4504-913b-68ab23fc2452,d5ac6269-d8cf-4821-ac8b-a6341e68987b,LAB459,TB-PCR Qualitative,TB-PCR Qualitative,"Specimen: Sputum, Fluid",b0514d54-d6f7-4482-b89c-4f3d504b0e96,625000,,,t,0.00,15,t,t,459,2026-03-26 10:28:04.176518+00,2026-05-07 02:49:27.89571+00,,,f,,,,USD,,lab,25.0,2026-03-26,102500.0000,KHR,2026-03-26 10:29:18.19353+00,KHAC
659,7805f637-5892-4ef8-8b22-d52ff97cbf7f,d5ac6269-d8cf-4821-ac8b-a6341e68987b,LAB460,TCA (Temps de Céphaline Activée) (TCK/aPTT),TCA (Temps de Céphaline Activée) (TCK/aPTT),Specimen: 3.8% Sodium Citrate Plasma,b0514d54-d6f7-4482-b89c-4f3d504b0e96,125000,,,t,0.00,15,t,t,460,2026-03-26 10:28:04.176518+00,2026-05-07 02:49:27.89571+00,,,f,,,,USD,1440,lab,5.0,2026-03-26,20500.0000,KHR,2026-03-26 10:29:18.19353+00,KHAC
660,ca1d9bf9-0269-4bf1-b373-2d776a7604a4,d5ac6269-d8cf-4821-ac8b-a6341e68987b,LAB461,Testosterone,Testosterone,Specimen: Serum,b0514d54-d6f7-4482-b89c-4f3d504b0e96,375000,,,t,0.00,15,t,t,461,2026-03-26 10:28:04.176518+00,2026-05-07 02:49:27.89571+00,,,f,,,,USD,1440,lab,15.0,2026-03-26,61500.0000,KHR,2026-03-26 10:29:18.19353+00,KHAC
661,b5f8484d-249a-43e2-913b-19eea9adc873,d5ac6269-d8cf-4821-ac8b-a6341e68987b,LAB462,Testosterone Free (SHBG+Testosterone),Testosterone Free (SHBG+Testosterone),Specimen: Serum,b0514d54-d6f7-4482-b89c-4f3d504b0e96,625000,,,t,0.00,15,t,t,462,2026-03-26 10:28:04.176518+00,2026-05-07 02:49:27.89571+00,,,f,,,,USD,,lab,25.0,2026-03-26,102500.0000,KHR,2026-03-26 10:29:18.19353+00,KHAC
662,c4da888a-84f7-4d32-9962-49e656a2e642,d5ac6269-d8cf-4821-ac8b-a6341e68987b,LAB463,Test Helicobacter Pylori C13 (Urea breath test),Test Helicobacter Pylori C13 (Urea breath test),Specimen: At Laboratory,b0514d54-d6f7-4482-b89c-4f3d504b0e96,750000,,,t,0.00,15,t,t,463,2026-03-26 10:28:04.176518+00,2026-05-07 02:49:27.89571+00,,,f,,,,USD,1440,lab,30.0,2026-03-26,123000.0000,KHR,2026-03-26 10:29:18.19353+00,KHAC
663,38ce2dd4-22e5-4894-8af2-6ac9ddea36dc,d5ac6269-d8cf-4821-ac8b-a6341e68987b,LAB464,Thalassemia Alpha,Thalassemia Alpha,Specimen: EDTA,b0514d54-d6f7-4482-b89c-4f3d504b0e96,4625000,,,t,0.00,15,t,t,464,2026-03-26 10:28:04.176518+00,2026-05-07 02:49:27.89571+00,,,f,,,,USD,,lab,185.0,2026-03-26,758500.0000,KHR,2026-03-26 10:29:18.19353+00,KHAC
664,abae7782-c2ee-4f18-83d0-a2c90d44fc30,d5ac6269-d8cf-4821-ac8b-a6341e68987b,LAB465,Thalassemia Beta,Thalassemia Beta,Specimen: EDTA,b0514d54-d6f7-4482-b89c-4f3d504b0e96,4625000,,,t,0.00,15,t,t,465,2026-03-26 10:28:04.176518+00,2026-05-07 02:49:27.89571+00,,,f,,,,USD,,lab,185.0,2026-03-26,758500.0000,KHR,2026-03-26 10:29:18.19353+00,KHAC
665,463643a2-c555-447d-a99b-85714b615d08,d5ac6269-d8cf-4821-ac8b-a6341e68987b,LAB466,Thyrocalcitonin (Calcitonin),Thyrocalcitonin (Calcitonin),Specimen: Serum,b0514d54-d6f7-4482-b89c-4f3d504b0e96,412500,,,t,0.00,15,t,t,466,2026-03-26 10:28:04.176518+00,2026-05-07 02:49:27.89571+00,,,f,,,,USD,,lab,16.5,2026-03-26,67650.0000,KHR,2026-03-26 10:29:18.19353+00,KHAC
666,8a3a44ab-7b00-4ecb-92a0-060f7f50892b,d5ac6269-d8cf-4821-ac8b-a6341e68987b,LAB467,Thyroglobulin (TG),Thyroglobulin (TG),Specimen: Serum,b0514d54-d6f7-4482-b89c-4f3d504b0e96,412500,,,t,0.00,15,t,t,467,2026-03-26 10:28:04.176518+00,2026-05-07 02:49:27.89571+00,,,f,,,,USD,1440,lab,16.5,2026-03-26,67650.0000,KHR,2026-03-26 10:29:18.19353+00,KHAC
667,0657b8a2-50c2-41a0-b909-93ec76c1343e,d5ac6269-d8cf-4821-ac8b-a6341e68987b,LAB468,TIBC,TIBC,Specimen: Serum,b0514d54-d6f7-4482-b89c-4f3d504b0e96,156250,,,t,0.00,15,t,t,468,2026-03-26 10:28:04.176518+00,2026-05-07 02:49:27.89571+00,,,f,,,,USD,1440,lab,6.25,2026-03-26,25625.0000,KHR,2026-03-26 10:29:18.19353+00,KHAC
668,6dd36010-873b-446b-9e65-258cbe3f395e,d5ac6269-d8cf-4821-ac8b-a6341e68987b,LAB469,Total P1NP (Procollagen type 1 aminoterminal propeptide),Total P1NP (Procollagen type 1 aminoterminal propeptide),Specimen: Serum,b0514d54-d6f7-4482-b89c-4f3d504b0e96,1150000,,,t,0.00,15,t,t,469,2026-03-26 10:28:04.176518+00,2026-05-07 02:49:27.89571+00,,,f,,,,USD,,lab,46.0,2026-03-26,188600.0000,KHR,2026-03-26 10:29:18.19353+00,KHAC
669,a6bbf024-15ad-46c3-8a77-ae9f7cdae5d8,d5ac6269-d8cf-4821-ac8b-a6341e68987b,LAB470,Toxocara canis IgG,Toxocara canis IgG,Specimen: Serum,b0514d54-d6f7-4482-b89c-4f3d504b0e96,250000,,,t,0.00,15,t,t,470,2026-03-26 10:28:04.176518+00,2026-05-07 02:49:27.89571+00,,,f,,,,USD,1440,lab,10.0,2026-03-26,41000.0000,KHR,2026-03-26 10:29:18.19353+00,KHAC
670,eeb96cac-bd34-4da1-8569-3334e0c9b8e5,d5ac6269-d8cf-4821-ac8b-a6341e68987b,LAB471,Toxoplasma IgG (Toxoplasma gondii),Toxoplasma IgG (Toxoplasma gondii),Specimen: Serum,b0514d54-d6f7-4482-b89c-4f3d504b0e96,250000,,,t,0.00,15,t,t,471,2026-03-26 10:28:04.176518+00,2026-05-07 02:49:27.89571+00,,,f,,,,USD,1440,lab,10.0,2026-03-26,41000.0000,KHR,2026-03-26 10:29:18.19353+00,KHAC
671,bedc475a-5e79-4b22-b795-a6b0b34605a0,d5ac6269-d8cf-4821-ac8b-a6341e68987b,THY001,FT3,FT3,,a151884a-0668-46f6-93e6-f87cc1f56a1b,0,,,t,0.00,30,t,t,141,2026-03-26 09:50:22.028926+00,2026-05-07 02:49:27.89571+00,,,f,,,,USD,,lab,7.0,2026-03-26,,,,KHAC
672,35c776b0-e371-4831-a75b-33c29386dc67,d5ac6269-d8cf-4821-ac8b-a6341e68987b,LAB402,Protein/CSF,Protein/CSF,Specimen: CSF,b0514d54-d6f7-4482-b89c-4f3d504b0e96,31250,,,t,0.00,15,t,t,402,2026-03-26 10:28:04.176518+00,2026-05-07 02:49:27.89571+00,,,f,,,,USD,1440,lab,1.25,2026-03-26,5125.0000,KHR,2026-03-26 10:29:18.19353+00,KHAC
673,e487e15c-4d29-4850-a46e-a9770d9f67cd,d5ac6269-d8cf-4821-ac8b-a6341e68987b,LAB403,Protein/(Quantitative),Protein/(Quantitative),Specimen: Urine,b0514d54-d6f7-4482-b89c-4f3d504b0e96,25000,,,t,0.00,15,t,t,403,2026-03-26 10:28:04.176518+00,2026-05-07 02:49:27.89571+00,,,f,,,,USD,1440,lab,1.0,2026-03-26,4100.0000,KHR,2026-03-26 10:29:18.19353+00,KHAC
674,111bf031-2f4c-40cd-b9e3-22539c450475,d5ac6269-d8cf-4821-ac8b-a6341e68987b,THY002,FT4,FT4,,a151884a-0668-46f6-93e6-f87cc1f56a1b,0,,,t,0.00,30,t,t,142,2026-03-26 09:50:22.028926+00,2026-05-07 02:49:27.89571+00,,,f,,,,USD,,lab,7.0,2026-03-26,,,,KHAC
675,023692b2-f828-42f0-b387-db3c84e6fb90,d5ac6269-d8cf-4821-ac8b-a6341e68987b,URN004,Urinalysis,Urinalysis,,d2c8067b-8cb9-4d94-a4f6-2dcc7a991c76,0,,,t,0.00,30,t,t,86,2026-03-26 09:50:22.028926+00,2026-05-07 02:49:27.89571+00,,,f,,,,USD,,lab,2.0,2026-03-26,,,,NUOC_TIEU
676,60911a5c-f064-448d-a1a9-ee43ee600864,d5ac6269-d8cf-4821-ac8b-a6341e68987b,LAB472,Toxoplasma IgM (Toxoplasma gondii),Toxoplasma IgM (Toxoplasma gondii),Specimen: Serum,b0514d54-d6f7-4482-b89c-4f3d504b0e96,250000,,,t,0.00,15,t,t,472,2026-03-26 10:28:04.176518+00,2026-05-07 02:49:27.89571+00,,,f,,,,USD,1440,lab,10.0,2026-03-26,41000.0000,KHR,2026-03-26 10:29:18.19353+00,KHAC
677,3e757342-2a71-4b93-af08-0ef722e78cb6,d5ac6269-d8cf-4821-ac8b-a6341e68987b,LAB473,T.P.H.A,T.P.H.A,Specimen: Serum,b0514d54-d6f7-4482-b89c-4f3d504b0e96,187500,,,t,0.00,15,t,t,473,2026-03-26 10:28:04.176518+00,2026-05-07 02:49:27.89571+00,,,f,,,,USD,1440,lab,7.5,2026-03-26,30750.0000,KHR,2026-03-26 10:29:18.19353+00,KHAC
678,89b20292-65dd-4e44-a223-7510fb18ff80,d5ac6269-d8cf-4821-ac8b-a6341e68987b,LAB474,TPO Ab (Anti Microsomal) (Anti TPO),TPO Ab (Anti Microsomal) (Anti TPO),Specimen: Serum,b0514d54-d6f7-4482-b89c-4f3d504b0e96,375000,,,t,0.00,15,t,t,474,2026-03-26 10:28:04.176518+00,2026-05-07 02:49:27.89571+00,,,f,,,,USD,,lab,15.0,2026-03-26,61500.0000,KHR,2026-03-26 10:29:18.19353+00,KHAC
679,c3e2d25f-ef66-4ee0-bbe7-da9969fbc214,d5ac6269-d8cf-4821-ac8b-a6341e68987b,LAB475,"Transferrin (Hemosiderophilin, Siderophilin)","Transferrin (Hemosiderophilin, Siderophilin)",Specimen: Serum,b0514d54-d6f7-4482-b89c-4f3d504b0e96,200000,,,t,0.00,15,t,t,475,2026-03-26 10:28:04.176518+00,2026-05-07 02:49:27.89571+00,,,f,,,,USD,,lab,8.0,2026-03-26,32800.0000,KHR,2026-03-26 10:29:18.19353+00,KHAC
680,beb6ae38-d3a8-45a3-9f1e-c67858c571ad,d5ac6269-d8cf-4821-ac8b-a6341e68987b,LAB476,Transaminase (ASAT/ALAT),Transaminase (ASAT/ALAT),Specimen: Serum,b0514d54-d6f7-4482-b89c-4f3d504b0e96,37500,,,t,0.00,15,t,t,476,2026-03-26 10:28:04.176518+00,2026-05-07 02:49:27.89571+00,,,f,,,,USD,1440,lab,1.5,2026-03-26,6150.0000,KHR,2026-03-26 10:29:18.19353+00,KHAC
681,7e692e27-c91e-4d87-bcf5-5022f109b66a,d5ac6269-d8cf-4821-ac8b-a6341e68987b,LAB477,Trichinella Spiralis IgG,Trichinella Spiralis IgG,Specimen: Serum,b0514d54-d6f7-4482-b89c-4f3d504b0e96,250000,,,t,0.00,15,t,t,477,2026-03-26 10:28:04.176518+00,2026-05-07 02:49:27.89571+00,,,f,,,,USD,,lab,10.0,2026-03-26,41000.0000,KHR,2026-03-26 10:29:18.19353+00,KHAC
682,e58a4ce1-c7df-4d8b-a610-197ac1fe95bc,d5ac6269-d8cf-4821-ac8b-a6341e68987b,LAB478,Trichinella Spiralis IgM,Trichinella Spiralis IgM,Specimen: Serum,b0514d54-d6f7-4482-b89c-4f3d504b0e96,250000,,,t,0.00,15,t,t,478,2026-03-26 10:28:04.176518+00,2026-05-07 02:49:27.89571+00,,,f,,,,USD,,lab,10.0,2026-03-26,41000.0000,KHR,2026-03-26 10:29:18.19353+00,KHAC
683,3306cd7a-809b-4179-a4f6-b5d7c3e3982b,d5ac6269-d8cf-4821-ac8b-a6341e68987b,LAB479,Triglycerides,Triglycerides,Specimen: Serum,b0514d54-d6f7-4482-b89c-4f3d504b0e96,31250,,,t,0.00,15,t,t,479,2026-03-26 10:28:04.176518+00,2026-05-07 02:49:27.89571+00,,,f,,,,USD,1440,lab,1.25,2026-03-26,5125.0000,KHR,2026-03-26 10:29:18.19353+00,KHAC
684,3446e3a2-8b30-4db8-a1de-90be0ddc44d7,d5ac6269-d8cf-4821-ac8b-a6341e68987b,LAB480,"Trisomy 21 (Down), Trisomy18 (Edwards),","Trisomy 21 (Down), Trisomy18 (Edwards),",Specimen: Blood in STRECK Tube 10 ml,b0514d54-d6f7-4482-b89c-4f3d504b0e96,11250000,,,t,0.00,15,t,t,480,2026-03-26 10:28:04.176518+00,2026-05-07 02:49:27.89571+00,,,f,,,,USD,,lab,450.0,2026-03-26,1845000.0000,KHR,2026-03-26 10:29:18.19353+00,KHAC
685,b31ff9a5-7604-4be7-b268-28d9e2ed3522,d5ac6269-d8cf-4821-ac8b-a6341e68987b,LAB481,Troponin I hs,Troponin I hs,Specimen: Serum,b0514d54-d6f7-4482-b89c-4f3d504b0e96,375000,,,t,0.00,15,t,t,481,2026-03-26 10:28:04.176518+00,2026-05-07 02:49:27.89571+00,,,f,,,,USD,1440,lab,15.0,2026-03-26,61500.0000,KHR,2026-03-26 10:29:18.19353+00,KHAC
686,c96a2d5b-4727-42e1-930a-fb1b993a8d9b,d5ac6269-d8cf-4821-ac8b-a6341e68987b,LAB482,Troponin T hs (TnT-hs),Troponin T hs (TnT-hs),Specimen: Serum,b0514d54-d6f7-4482-b89c-4f3d504b0e96,375000,,,t,0.00,15,t,t,482,2026-03-26 10:28:04.176518+00,2026-05-07 02:49:27.89571+00,,,f,,,,USD,1440,lab,15.0,2026-03-26,61500.0000,KHR,2026-03-26 10:29:18.19353+00,KHAC
687,47f831f6-44f8-44f9-8965-7fac9325afb6,d5ac6269-d8cf-4821-ac8b-a6341e68987b,LAB483,"TS, TC","TS, TC",Specimen: At Laboratory,b0514d54-d6f7-4482-b89c-4f3d504b0e96,50000,,,t,0.00,15,t,t,483,2026-03-26 10:28:04.176518+00,2026-05-07 02:49:27.89571+00,,,f,,,,USD,1440,lab,2.0,2026-03-26,8200.0000,KHR,2026-03-26 10:29:18.19353+00,KHAC
688,43ac19a4-2283-4351-ac08-1c1c65789cd4,d5ac6269-d8cf-4821-ac8b-a6341e68987b,LAB484,Tuberculosis IgM,Tuberculosis IgM,Specimen: Serum,b0514d54-d6f7-4482-b89c-4f3d504b0e96,187500,,,t,0.00,15,t,t,484,2026-03-26 10:28:04.176518+00,2026-05-07 02:49:27.89571+00,,,f,,,,USD,1440,lab,7.5,2026-03-26,30750.0000,KHR,2026-03-26 10:29:18.19353+00,KHAC
689,24d259d8-a461-45d2-b9a9-deed77f88f67,d5ac6269-d8cf-4821-ac8b-a6341e68987b,LAB485,Tuberculosis IgG,Tuberculosis IgG,Specimen: Serum,b0514d54-d6f7-4482-b89c-4f3d504b0e96,187500,,,t,0.00,15,t,t,485,2026-03-26 10:28:04.176518+00,2026-05-07 02:49:27.89571+00,,,f,,,,USD,1440,lab,7.5,2026-03-26,30750.0000,KHR,2026-03-26 10:29:18.19353+00,KHAC
690,097000ee-594f-4def-bf5f-975738677d9e,d5ac6269-d8cf-4821-ac8b-a6341e68987b,LAB486,Tuberculosis PCR Qualitative,Tuberculosis PCR Qualitative,"Specimen: Sputum, Fluid",b0514d54-d6f7-4482-b89c-4f3d504b0e96,625000,,,t,0.00,15,t,t,486,2026-03-26 10:28:04.176518+00,2026-05-07 02:49:27.89571+00,,,f,,,,USD,,lab,25.0,2026-03-26,102500.0000,KHR,2026-03-26 10:29:18.19353+00,KHAC
691,4b50f9bd-7320-4a3b-bd82-30d460c129ba,d5ac6269-d8cf-4821-ac8b-a6341e68987b,LAB487,Urea/BUN,Urea/BUN,Specimen: Serum,b0514d54-d6f7-4482-b89c-4f3d504b0e96,31250,,,t,0.00,15,t,t,487,2026-03-26 10:28:04.176518+00,2026-05-07 02:49:27.89571+00,,,f,,,,USD,1440,lab,1.25,2026-03-26,5125.0000,KHR,2026-03-26 10:29:18.19353+00,KHAC
692,6cc53b50-ce57-4986-91c3-99421709630f,d5ac6269-d8cf-4821-ac8b-a6341e68987b,LAB488,Urea/Urine,Urea/Urine,Specimen: Urine,b0514d54-d6f7-4482-b89c-4f3d504b0e96,50000,,,t,0.00,15,t,t,488,2026-03-26 10:28:04.176518+00,2026-05-07 02:49:27.89571+00,,,f,,,,USD,1440,lab,2.0,2026-03-26,8200.0000,KHR,2026-03-26 10:29:18.19353+00,KHAC
693,75d99f87-2a49-43db-964b-129e72d9de33,d5ac6269-d8cf-4821-ac8b-a6341e68987b,LAB489,Urea Breath test (H. Pylori C13 breath test),Urea Breath test (H. Pylori C13 breath test),Specimen: At Laboratory,b0514d54-d6f7-4482-b89c-4f3d504b0e96,750000,,,t,0.00,15,t,t,489,2026-03-26 10:28:04.176518+00,2026-05-07 02:49:27.89571+00,,,f,,,,USD,1440,lab,30.0,2026-03-26,123000.0000,KHR,2026-03-26 10:29:18.19353+00,KHAC
694,e96ffbf3-c9fe-4f01-848e-a9a75f9c11e4,d5ac6269-d8cf-4821-ac8b-a6341e68987b,LAB490,Uric Acid,Uric Acid,Specimen: Serum,b0514d54-d6f7-4482-b89c-4f3d504b0e96,31250,,,t,0.00,15,t,t,490,2026-03-26 10:28:04.176518+00,2026-05-07 02:49:27.89571+00,,,f,,,,USD,1440,lab,1.25,2026-03-26,5125.0000,KHR,2026-03-26 10:29:18.19353+00,KHAC
695,cac4a2a6-3cf4-41a9-88a4-d29827ac1711,d5ac6269-d8cf-4821-ac8b-a6341e68987b,LAB491,Uric Acid,Uric Acid,Specimen: Urine,b0514d54-d6f7-4482-b89c-4f3d504b0e96,50000,,,t,0.00,15,t,t,491,2026-03-26 10:28:04.176518+00,2026-05-07 02:49:27.89571+00,,,f,,,,USD,1440,lab,2.0,2026-03-26,8200.0000,KHR,2026-03-26 10:29:18.19353+00,KHAC
696,3f896494-90f8-49cb-9413-3af51dff29f7,d5ac6269-d8cf-4821-ac8b-a6341e68987b,LAB492,zINC,zINC,Specimen: Urine,b0514d54-d6f7-4482-b89c-4f3d504b0e96,50000,,,t,0.00,15,t,t,492,2026-03-26 10:28:04.176518+00,2026-05-07 02:49:27.89571+00,,,f,,,,USD,1440,lab,2.0,2026-03-26,8200.0000,KHR,2026-03-26 10:29:18.19353+00,KHAC
697,3e3a15b2-0742-445b-acec-c14598e6b6b3,d5ac6269-d8cf-4821-ac8b-a6341e68987b,LAB493,Urine (Uroculture),Urine (Uroculture),Specimen: Sterile container,b0514d54-d6f7-4482-b89c-4f3d504b0e96,500000,,,t,0.00,15,t,t,493,2026-03-26 10:28:04.176518+00,2026-05-07 02:49:27.89571+00,,,f,,,,USD,,lab,20.0,2026-03-26,82000.0000,KHR,2026-03-26 10:29:18.19353+00,KHAC
698,33772420-b7f3-4ab6-8050-78ccbbe468ce,d5ac6269-d8cf-4821-ac8b-a6341e68987b,PNC001,Total Cholesterol,Total Cholesterol,,adc975e0-91f3-4c63-8e62-bf2dfd1759b9,0,,,t,0.00,30,t,t,24,2026-03-26 09:50:22.028926+00,2026-05-07 02:49:27.89571+00,,,f,,,,USD,,lab,1.0,2026-03-26,,,,KHAC
699,b7725355-44a2-48de-8d94-29e27fcdfe90,d5ac6269-d8cf-4821-ac8b-a6341e68987b,LAB494,Varicella Zoster Virus IgG,Varicella Zoster Virus IgG,Specimen: Serum,b0514d54-d6f7-4482-b89c-4f3d504b0e96,625000,,,t,0.00,15,t,t,494,2026-03-26 10:28:04.176518+00,2026-05-07 02:49:27.89571+00,,,f,,,,USD,,lab,25.0,2026-03-26,102500.0000,KHR,2026-03-26 10:29:18.19353+00,KHAC
700,c447296d-07af-4b83-b9ba-5b1c8b1814b2,d5ac6269-d8cf-4821-ac8b-a6341e68987b,LAB495,Varicella Zoster Virus IgM,Varicella Zoster Virus IgM,Specimen: Serum,b0514d54-d6f7-4482-b89c-4f3d504b0e96,625000,,,t,0.00,15,t,t,495,2026-03-26 10:28:04.176518+00,2026-05-07 02:49:27.89571+00,,,f,,,,USD,,lab,25.0,2026-03-26,102500.0000,KHR,2026-03-26 10:29:18.19353+00,KHAC
701,b88e4e7c-a23e-4a38-9817-df181b99d85f,d5ac6269-d8cf-4821-ac8b-a6341e68987b,LAB496,VDRL (RPR),VDRL (RPR),Specimen: Serum,b0514d54-d6f7-4482-b89c-4f3d504b0e96,50000,,,t,0.00,15,t,t,496,2026-03-26 10:28:04.176518+00,2026-05-07 02:49:27.89571+00,,,f,,,,USD,1440,lab,2.0,2026-03-26,8200.0000,KHR,2026-03-26 10:29:18.19353+00,KHAC
702,61e51f7b-3912-4cc5-ae13-487c54bbb292,d5ac6269-d8cf-4821-ac8b-a6341e68987b,LAB497,Vitamin B6,Vitamin B6,Specimen: EDTA,b0514d54-d6f7-4482-b89c-4f3d504b0e96,3500000,,,t,0.00,15,t,t,497,2026-03-26 10:28:04.176518+00,2026-05-07 02:49:27.89571+00,,,f,,,,USD,,lab,140.0,2026-03-26,574000.0000,KHR,2026-03-26 10:29:18.19353+00,KHAC
703,73f2a975-795b-4712-b889-1fdb5549eb7f,d5ac6269-d8cf-4821-ac8b-a6341e68987b,LAB498,"Vitamin B9 (Folate, Folic Acid)","Vitamin B9 (Folate, Folic Acid)",Specimen: Serum,b0514d54-d6f7-4482-b89c-4f3d504b0e96,400000,,,t,0.00,15,t,t,498,2026-03-26 10:28:04.176518+00,2026-05-07 02:49:27.89571+00,,,f,,,,USD,1440,lab,16.0,2026-03-26,65600.0000,KHR,2026-03-26 10:29:18.19353+00,KHAC
704,3d493af4-0346-47c4-b538-46a67a9f9788,d5ac6269-d8cf-4821-ac8b-a6341e68987b,LAB499,Vitamin B12,Vitamin B12,Specimen: Serum,b0514d54-d6f7-4482-b89c-4f3d504b0e96,425000,,,t,0.00,15,t,t,499,2026-03-26 10:28:04.176518+00,2026-05-07 02:49:27.89571+00,,,f,,,,USD,1440,lab,17.0,2026-03-26,69700.0000,KHR,2026-03-26 10:29:18.19353+00,KHAC
705,9270303c-4a03-4e7f-9830-0ffdabd4fab2,d5ac6269-d8cf-4821-ac8b-a6341e68987b,LAB500,Vitamin D Total,Vitamin D Total,Specimen: Serum,b0514d54-d6f7-4482-b89c-4f3d504b0e96,500000,,,t,0.00,15,t,t,500,2026-03-26 10:28:04.176518+00,2026-05-07 02:49:27.89571+00,,,f,,,,USD,1440,lab,20.0,2026-03-26,82000.0000,KHR,2026-03-26 10:29:18.19353+00,KHAC
706,6e5c7b19-1501-4419-959a-72501d092a63,d5ac6269-d8cf-4821-ac8b-a6341e68987b,LAB501,VS (ESR),VS (ESR),Specimen: EDTA,b0514d54-d6f7-4482-b89c-4f3d504b0e96,37500,,,t,0.00,15,t,t,501,2026-03-26 10:28:04.623591+00,2026-05-07 02:49:27.89571+00,,,f,,,,USD,1440,lab,1.5,2026-03-26,6150.0000,KHR,2026-03-26 10:29:18.19353+00,KHAC
707,7ff03939-da5d-4b4e-a0f6-72874ac1068a,d5ac6269-d8cf-4821-ac8b-a6341e68987b,THY003,TSH,TSH,,a151884a-0668-46f6-93e6-f87cc1f56a1b,0,,,t,0.00,30,t,t,143,2026-03-26 09:50:22.028926+00,2026-05-07 02:49:27.89571+00,,,f,,,,USD,,lab,7.0,2026-03-26,,,,KHAC
708,0b8e4cbc-3a2a-4c75-b179-9f1370b44f8b,d5ac6269-d8cf-4821-ac8b-a6341e68987b,TMC001,PSA,PSA,,56b5f44b-9a2c-4c3f-b1e6-3d22684a7bf9,0,,,t,0.00,30,t,t,101,2026-03-26 09:50:22.028926+00,2026-05-07 02:49:27.89571+00,,,f,,,,USD,,lab,12.0,2026-03-26,,,,KHAC
709,f54c8d3a-7ed1-48ab-ab35-91381b410aff,d5ac6269-d8cf-4821-ac8b-a6341e68987b,TMC002,AFP,AFP,,56b5f44b-9a2c-4c3f-b1e6-3d22684a7bf9,0,,,t,0.00,30,t,t,102,2026-03-26 09:50:22.028926+00,2026-05-07 02:49:27.89571+00,,,f,,,,USD,,lab,7.0,2026-03-26,,,,KHAC
710,5d06a431-0041-479c-b929-75abb2bc84ae,d5ac6269-d8cf-4821-ac8b-a6341e68987b,TMC003,CA 72-4,CA 72-4,,56b5f44b-9a2c-4c3f-b1e6-3d22684a7bf9,0,,,t,0.00,30,t,t,103,2026-03-26 09:50:22.028926+00,2026-05-07 02:49:27.89571+00,,,f,,,,USD,,lab,20.0,2026-03-26,,,,KHAC
711,0959590f-024d-4c7f-9226-b0b3cf47821c,d5ac6269-d8cf-4821-ac8b-a6341e68987b,TMC004,CEA,CEA,,56b5f44b-9a2c-4c3f-b1e6-3d22684a7bf9,0,,,t,0.00,30,t,t,104,2026-03-26 09:50:22.028926+00,2026-05-07 02:49:27.89571+00,,,f,,,,USD,,lab,10.0,2026-03-26,,,,KHAC
712,551c2dfc-07ae-4495-8987-5bb6b06adfbe,d5ac6269-d8cf-4821-ac8b-a6341e68987b,TMC005,CA19-9,CA19-9,,56b5f44b-9a2c-4c3f-b1e6-3d22684a7bf9,0,,,t,0.00,30,t,t,105,2026-03-26 09:50:22.028926+00,2026-05-07 02:49:27.89571+00,,,f,,,,USD,,lab,12.5,2026-03-26,,,,KHAC
713,eb7cb431-e3e5-4a4d-9c70-b0cc82db6567,d5ac6269-d8cf-4821-ac8b-a6341e68987b,TMC006,CYFRA 21-1,CYFRA 21-1,,56b5f44b-9a2c-4c3f-b1e6-3d22684a7bf9,0,,,t,0.00,30,t,t,106,2026-03-26 09:50:22.028926+00,2026-05-07 02:49:27.89571+00,,,f,,,,USD,,lab,20.0,2026-03-26,,,,KHAC
714,489bfda6-18c3-4ea8-bb55-2a5e2c33f6e0,d5ac6269-d8cf-4821-ac8b-a6341e68987b,TMC007,Thyroglobulin,Thyroglobulin,,56b5f44b-9a2c-4c3f-b1e6-3d22684a7bf9,0,,,t,0.00,30,t,t,107,2026-03-26 09:50:22.028926+00,2026-05-07 02:49:27.89571+00,,,f,,,,USD,,lab,16.5,2026-03-26,,,,KHAC
715,f35af464-dc5e-4415-af77-3ddd658e79d8,d5ac6269-d8cf-4821-ac8b-a6341e68987b,TMC008,βHCG,βHCG,,56b5f44b-9a2c-4c3f-b1e6-3d22684a7bf9,0,,,t,0.00,30,t,t,108,2026-03-26 09:50:22.028926+00,2026-05-07 02:49:27.89571+00,,,f,,,,USD,,lab,10.0,2026-03-26,,,,KHAC
